"job_id","model","N","N_size","mni_location","mni_size","rho","loading_quality","target_loading","TT","J","mu_alpha","mu_beta","var_alpha","var_beta","cov_ab","tau_un","lambda_un","sd.lambda","nrep","seed"
1,"latent","small",200,"intercept","strong",0,"vgood",0.7,5,5,1,0.125,1,0.2025,0.18,1,1,0,2000,218
2,"latent","medium",500,"intercept","strong",0,"vgood",0.7,5,5,1,0.125,1,0.2025,0.18,1,1,0,2000,218
3,"latent","large",800,"intercept","strong",0,"vgood",0.7,5,5,1,0.125,1,0.2025,0.18,1,1,0,2000,218
4,"latent","small",200,"intercept","strong",0,"good",0.5,5,5,1,0.125,1,0.2025,0.18,1,1,0,2000,218
5,"latent","medium",500,"intercept","strong",0,"good",0.5,5,5,1,0.125,1,0.2025,0.18,1,1,0,2000,218
6,"latent","large",800,"intercept","strong",0,"good",0.5,5,5,1,0.125,1,0.2025,0.18,1,1,0,2000,218
7,"latent","small",200,"intercept","strong",0,"poor",0.3,5,5,1,0.125,1,0.2025,0.18,1,1,0,2000,218
8,"latent","medium",500,"intercept","strong",0,"poor",0.3,5,5,1,0.125,1,0.2025,0.18,1,1,0,2000,218
9,"latent","large",800,"intercept","strong",0,"poor",0.3,5,5,1,0.125,1,0.2025,0.18,1,1,0,2000,218
10,"latent","small",200,"intercept","strong",0.15,"vgood",0.7,5,5,1,0.125,1,0.2025,0.18,1,1,0,2000,218
11,"latent","medium",500,"intercept","strong",0.15,"vgood",0.7,5,5,1,0.125,1,0.2025,0.18,1,1,0,2000,218
12,"latent","large",800,"intercept","strong",0.15,"vgood",0.7,5,5,1,0.125,1,0.2025,0.18,1,1,0,2000,218
13,"latent","small",200,"intercept","strong",0.15,"good",0.5,5,5,1,0.125,1,0.2025,0.18,1,1,0,2000,218
14,"latent","medium",500,"intercept","strong",0.15,"good",0.5,5,5,1,0.125,1,0.2025,0.18,1,1,0,2000,218
15,"latent","large",800,"intercept","strong",0.15,"good",0.5,5,5,1,0.125,1,0.2025,0.18,1,1,0,2000,218
16,"latent","small",200,"intercept","strong",0.15,"poor",0.3,5,5,1,0.125,1,0.2025,0.18,1,1,0,2000,218
17,"latent","medium",500,"intercept","strong",0.15,"poor",0.3,5,5,1,0.125,1,0.2025,0.18,1,1,0,2000,218
18,"latent","large",800,"intercept","strong",0.15,"poor",0.3,5,5,1,0.125,1,0.2025,0.18,1,1,0,2000,218
19,"latent","small",200,"intercept","weak",0,"vgood",0.7,5,5,1,0.125,1,0.2025,0.18,1,1,0,2000,218
20,"latent","medium",500,"intercept","weak",0,"vgood",0.7,5,5,1,0.125,1,0.2025,0.18,1,1,0,2000,218
21,"latent","large",800,"intercept","weak",0,"vgood",0.7,5,5,1,0.125,1,0.2025,0.18,1,1,0,2000,218
22,"latent","small",200,"intercept","weak",0,"good",0.5,5,5,1,0.125,1,0.2025,0.18,1,1,0,2000,218
23,"latent","medium",500,"intercept","weak",0,"good",0.5,5,5,1,0.125,1,0.2025,0.18,1,1,0,2000,218
24,"latent","large",800,"intercept","weak",0,"good",0.5,5,5,1,0.125,1,0.2025,0.18,1,1,0,2000,218
25,"latent","small",200,"intercept","weak",0,"poor",0.3,5,5,1,0.125,1,0.2025,0.18,1,1,0,2000,218
26,"latent","medium",500,"intercept","weak",0,"poor",0.3,5,5,1,0.125,1,0.2025,0.18,1,1,0,2000,218
27,"latent","large",800,"intercept","weak",0,"poor",0.3,5,5,1,0.125,1,0.2025,0.18,1,1,0,2000,218
28,"latent","small",200,"intercept","weak",0.15,"vgood",0.7,5,5,1,0.125,1,0.2025,0.18,1,1,0,2000,218
29,"latent","medium",500,"intercept","weak",0.15,"vgood",0.7,5,5,1,0.125,1,0.2025,0.18,1,1,0,2000,218
30,"latent","large",800,"intercept","weak",0.15,"vgood",0.7,5,5,1,0.125,1,0.2025,0.18,1,1,0,2000,218
31,"latent","small",200,"intercept","weak",0.15,"good",0.5,5,5,1,0.125,1,0.2025,0.18,1,1,0,2000,218
32,"latent","medium",500,"intercept","weak",0.15,"good",0.5,5,5,1,0.125,1,0.2025,0.18,1,1,0,2000,218
33,"latent","large",800,"intercept","weak",0.15,"good",0.5,5,5,1,0.125,1,0.2025,0.18,1,1,0,2000,218
34,"latent","small",200,"intercept","weak",0.15,"poor",0.3,5,5,1,0.125,1,0.2025,0.18,1,1,0,2000,218
35,"latent","medium",500,"intercept","weak",0.15,"poor",0.3,5,5,1,0.125,1,0.2025,0.18,1,1,0,2000,218
36,"latent","large",800,"intercept","weak",0.15,"poor",0.3,5,5,1,0.125,1,0.2025,0.18,1,1,0,2000,218
37,"latent","small",200,"loading","strong",0,"vgood",0.7,5,5,1,0.125,1,0.2025,0.18,1,1,0,2000,218
38,"latent","medium",500,"loading","strong",0,"vgood",0.7,5,5,1,0.125,1,0.2025,0.18,1,1,0,2000,218
39,"latent","large",800,"loading","strong",0,"vgood",0.7,5,5,1,0.125,1,0.2025,0.18,1,1,0,2000,218
40,"latent","small",200,"loading","strong",0,"good",0.5,5,5,1,0.125,1,0.2025,0.18,1,1,0,2000,218
41,"latent","medium",500,"loading","strong",0,"good",0.5,5,5,1,0.125,1,0.2025,0.18,1,1,0,2000,218
42,"latent","large",800,"loading","strong",0,"good",0.5,5,5,1,0.125,1,0.2025,0.18,1,1,0,2000,218
43,"latent","small",200,"loading","strong",0,"poor",0.3,5,5,1,0.125,1,0.2025,0.18,1,1,0,2000,218
44,"latent","medium",500,"loading","strong",0,"poor",0.3,5,5,1,0.125,1,0.2025,0.18,1,1,0,2000,218
45,"latent","large",800,"loading","strong",0,"poor",0.3,5,5,1,0.125,1,0.2025,0.18,1,1,0,2000,218
46,"latent","small",200,"loading","strong",0.15,"vgood",0.7,5,5,1,0.125,1,0.2025,0.18,1,1,0,2000,218
47,"latent","medium",500,"loading","strong",0.15,"vgood",0.7,5,5,1,0.125,1,0.2025,0.18,1,1,0,2000,218
48,"latent","large",800,"loading","strong",0.15,"vgood",0.7,5,5,1,0.125,1,0.2025,0.18,1,1,0,2000,218
49,"latent","small",200,"loading","strong",0.15,"good",0.5,5,5,1,0.125,1,0.2025,0.18,1,1,0,2000,218
50,"latent","medium",500,"loading","strong",0.15,"good",0.5,5,5,1,0.125,1,0.2025,0.18,1,1,0,2000,218
51,"latent","large",800,"loading","strong",0.15,"good",0.5,5,5,1,0.125,1,0.2025,0.18,1,1,0,2000,218
52,"latent","small",200,"loading","strong",0.15,"poor",0.3,5,5,1,0.125,1,0.2025,0.18,1,1,0,2000,218
53,"latent","medium",500,"loading","strong",0.15,"poor",0.3,5,5,1,0.125,1,0.2025,0.18,1,1,0,2000,218
54,"latent","large",800,"loading","strong",0.15,"poor",0.3,5,5,1,0.125,1,0.2025,0.18,1,1,0,2000,218
55,"latent","small",200,"loading","weak",0,"vgood",0.7,5,5,1,0.125,1,0.2025,0.18,1,1,0,2000,218
56,"latent","medium",500,"loading","weak",0,"vgood",0.7,5,5,1,0.125,1,0.2025,0.18,1,1,0,2000,218
57,"latent","large",800,"loading","weak",0,"vgood",0.7,5,5,1,0.125,1,0.2025,0.18,1,1,0,2000,218
58,"latent","small",200,"loading","weak",0,"good",0.5,5,5,1,0.125,1,0.2025,0.18,1,1,0,2000,218
59,"latent","medium",500,"loading","weak",0,"good",0.5,5,5,1,0.125,1,0.2025,0.18,1,1,0,2000,218
60,"latent","large",800,"loading","weak",0,"good",0.5,5,5,1,0.125,1,0.2025,0.18,1,1,0,2000,218
61,"latent","small",200,"loading","weak",0,"poor",0.3,5,5,1,0.125,1,0.2025,0.18,1,1,0,2000,218
62,"latent","medium",500,"loading","weak",0,"poor",0.3,5,5,1,0.125,1,0.2025,0.18,1,1,0,2000,218
63,"latent","large",800,"loading","weak",0,"poor",0.3,5,5,1,0.125,1,0.2025,0.18,1,1,0,2000,218
64,"latent","small",200,"loading","weak",0.15,"vgood",0.7,5,5,1,0.125,1,0.2025,0.18,1,1,0,2000,218
65,"latent","medium",500,"loading","weak",0.15,"vgood",0.7,5,5,1,0.125,1,0.2025,0.18,1,1,0,2000,218
66,"latent","large",800,"loading","weak",0.15,"vgood",0.7,5,5,1,0.125,1,0.2025,0.18,1,1,0,2000,218
67,"latent","small",200,"loading","weak",0.15,"good",0.5,5,5,1,0.125,1,0.2025,0.18,1,1,0,2000,218
68,"latent","medium",500,"loading","weak",0.15,"good",0.5,5,5,1,0.125,1,0.2025,0.18,1,1,0,2000,218
69,"latent","large",800,"loading","weak",0.15,"good",0.5,5,5,1,0.125,1,0.2025,0.18,1,1,0,2000,218
70,"latent","small",200,"loading","weak",0.15,"poor",0.3,5,5,1,0.125,1,0.2025,0.18,1,1,0,2000,218
71,"latent","medium",500,"loading","weak",0.15,"poor",0.3,5,5,1,0.125,1,0.2025,0.18,1,1,0,2000,218
72,"latent","large",800,"loading","weak",0.15,"poor",0.3,5,5,1,0.125,1,0.2025,0.18,1,1,0,2000,218
73,"latent","small",200,"none","none",0,"vgood",0.7,5,5,1,0.125,1,0.2025,0.18,1,1,0,2000,218
74,"latent","medium",500,"none","none",0,"vgood",0.7,5,5,1,0.125,1,0.2025,0.18,1,1,0,2000,218
75,"latent","large",800,"none","none",0,"vgood",0.7,5,5,1,0.125,1,0.2025,0.18,1,1,0,2000,218
76,"latent","small",200,"none","none",0,"good",0.5,5,5,1,0.125,1,0.2025,0.18,1,1,0,2000,218
77,"latent","medium",500,"none","none",0,"good",0.5,5,5,1,0.125,1,0.2025,0.18,1,1,0,2000,218
78,"latent","large",800,"none","none",0,"good",0.5,5,5,1,0.125,1,0.2025,0.18,1,1,0,2000,218
79,"latent","small",200,"none","none",0,"poor",0.3,5,5,1,0.125,1,0.2025,0.18,1,1,0,2000,218
80,"latent","medium",500,"none","none",0,"poor",0.3,5,5,1,0.125,1,0.2025,0.18,1,1,0,2000,218
81,"latent","large",800,"none","none",0,"poor",0.3,5,5,1,0.125,1,0.2025,0.18,1,1,0,2000,218
82,"latent","small",200,"none","none",0.15,"vgood",0.7,5,5,1,0.125,1,0.2025,0.18,1,1,0,2000,218
83,"latent","medium",500,"none","none",0.15,"vgood",0.7,5,5,1,0.125,1,0.2025,0.18,1,1,0,2000,218
84,"latent","large",800,"none","none",0.15,"vgood",0.7,5,5,1,0.125,1,0.2025,0.18,1,1,0,2000,218
85,"latent","small",200,"none","none",0.15,"good",0.5,5,5,1,0.125,1,0.2025,0.18,1,1,0,2000,218
86,"latent","medium",500,"none","none",0.15,"good",0.5,5,5,1,0.125,1,0.2025,0.18,1,1,0,2000,218
87,"latent","large",800,"none","none",0.15,"good",0.5,5,5,1,0.125,1,0.2025,0.18,1,1,0,2000,218
88,"latent","small",200,"none","none",0.15,"poor",0.3,5,5,1,0.125,1,0.2025,0.18,1,1,0,2000,218
89,"latent","medium",500,"none","none",0.15,"poor",0.3,5,5,1,0.125,1,0.2025,0.18,1,1,0,2000,218
90,"latent","large",800,"none","none",0.15,"poor",0.3,5,5,1,0.125,1,0.2025,0.18,1,1,0,2000,218
91,"latent","small",200,"residual","strong",0,"vgood",0.7,5,5,1,0.125,1,0.2025,0.18,1,1,0,2000,218
92,"latent","medium",500,"residual","strong",0,"vgood",0.7,5,5,1,0.125,1,0.2025,0.18,1,1,0,2000,218
93,"latent","large",800,"residual","strong",0,"vgood",0.7,5,5,1,0.125,1,0.2025,0.18,1,1,0,2000,218
94,"latent","small",200,"residual","strong",0,"good",0.5,5,5,1,0.125,1,0.2025,0.18,1,1,0,2000,218
95,"latent","medium",500,"residual","strong",0,"good",0.5,5,5,1,0.125,1,0.2025,0.18,1,1,0,2000,218
96,"latent","large",800,"residual","strong",0,"good",0.5,5,5,1,0.125,1,0.2025,0.18,1,1,0,2000,218
97,"latent","small",200,"residual","strong",0,"poor",0.3,5,5,1,0.125,1,0.2025,0.18,1,1,0,2000,218
98,"latent","medium",500,"residual","strong",0,"poor",0.3,5,5,1,0.125,1,0.2025,0.18,1,1,0,2000,218
99,"latent","large",800,"residual","strong",0,"poor",0.3,5,5,1,0.125,1,0.2025,0.18,1,1,0,2000,218
100,"latent","small",200,"residual","strong",0.15,"vgood",0.7,5,5,1,0.125,1,0.2025,0.18,1,1,0,2000,218
101,"latent","medium",500,"residual","strong",0.15,"vgood",0.7,5,5,1,0.125,1,0.2025,0.18,1,1,0,2000,218
102,"latent","large",800,"residual","strong",0.15,"vgood",0.7,5,5,1,0.125,1,0.2025,0.18,1,1,0,2000,218
103,"latent","small",200,"residual","strong",0.15,"good",0.5,5,5,1,0.125,1,0.2025,0.18,1,1,0,2000,218
104,"latent","medium",500,"residual","strong",0.15,"good",0.5,5,5,1,0.125,1,0.2025,0.18,1,1,0,2000,218
105,"latent","large",800,"residual","strong",0.15,"good",0.5,5,5,1,0.125,1,0.2025,0.18,1,1,0,2000,218
106,"latent","small",200,"residual","strong",0.15,"poor",0.3,5,5,1,0.125,1,0.2025,0.18,1,1,0,2000,218
107,"latent","medium",500,"residual","strong",0.15,"poor",0.3,5,5,1,0.125,1,0.2025,0.18,1,1,0,2000,218
108,"latent","large",800,"residual","strong",0.15,"poor",0.3,5,5,1,0.125,1,0.2025,0.18,1,1,0,2000,218
109,"latent","small",200,"residual","weak",0,"vgood",0.7,5,5,1,0.125,1,0.2025,0.18,1,1,0,2000,218
110,"latent","medium",500,"residual","weak",0,"vgood",0.7,5,5,1,0.125,1,0.2025,0.18,1,1,0,2000,218
111,"latent","large",800,"residual","weak",0,"vgood",0.7,5,5,1,0.125,1,0.2025,0.18,1,1,0,2000,218
112,"latent","small",200,"residual","weak",0,"good",0.5,5,5,1,0.125,1,0.2025,0.18,1,1,0,2000,218
113,"latent","medium",500,"residual","weak",0,"good",0.5,5,5,1,0.125,1,0.2025,0.18,1,1,0,2000,218
114,"latent","large",800,"residual","weak",0,"good",0.5,5,5,1,0.125,1,0.2025,0.18,1,1,0,2000,218
115,"latent","small",200,"residual","weak",0,"poor",0.3,5,5,1,0.125,1,0.2025,0.18,1,1,0,2000,218
116,"latent","medium",500,"residual","weak",0,"poor",0.3,5,5,1,0.125,1,0.2025,0.18,1,1,0,2000,218
117,"latent","large",800,"residual","weak",0,"poor",0.3,5,5,1,0.125,1,0.2025,0.18,1,1,0,2000,218
118,"latent","small",200,"residual","weak",0.15,"vgood",0.7,5,5,1,0.125,1,0.2025,0.18,1,1,0,2000,218
119,"latent","medium",500,"residual","weak",0.15,"vgood",0.7,5,5,1,0.125,1,0.2025,0.18,1,1,0,2000,218
120,"latent","large",800,"residual","weak",0.15,"vgood",0.7,5,5,1,0.125,1,0.2025,0.18,1,1,0,2000,218
121,"latent","small",200,"residual","weak",0.15,"good",0.5,5,5,1,0.125,1,0.2025,0.18,1,1,0,2000,218
122,"latent","medium",500,"residual","weak",0.15,"good",0.5,5,5,1,0.125,1,0.2025,0.18,1,1,0,2000,218
123,"latent","large",800,"residual","weak",0.15,"good",0.5,5,5,1,0.125,1,0.2025,0.18,1,1,0,2000,218
124,"latent","small",200,"residual","weak",0.15,"poor",0.3,5,5,1,0.125,1,0.2025,0.18,1,1,0,2000,218
125,"latent","medium",500,"residual","weak",0.15,"poor",0.3,5,5,1,0.125,1,0.2025,0.18,1,1,0,2000,218
126,"latent","large",800,"residual","weak",0.15,"poor",0.3,5,5,1,0.125,1,0.2025,0.18,1,1,0,2000,218
127,"mean","small",200,"intercept","strong",0,"vgood",0.7,5,5,1,0.125,1,0.2025,0.18,1,1,0,2000,218
128,"mean","medium",500,"intercept","strong",0,"vgood",0.7,5,5,1,0.125,1,0.2025,0.18,1,1,0,2000,218
129,"mean","large",800,"intercept","strong",0,"vgood",0.7,5,5,1,0.125,1,0.2025,0.18,1,1,0,2000,218
130,"mean","small",200,"intercept","strong",0,"good",0.5,5,5,1,0.125,1,0.2025,0.18,1,1,0,2000,218
131,"mean","medium",500,"intercept","strong",0,"good",0.5,5,5,1,0.125,1,0.2025,0.18,1,1,0,2000,218
132,"mean","large",800,"intercept","strong",0,"good",0.5,5,5,1,0.125,1,0.2025,0.18,1,1,0,2000,218
133,"mean","small",200,"intercept","strong",0,"poor",0.3,5,5,1,0.125,1,0.2025,0.18,1,1,0,2000,218
134,"mean","medium",500,"intercept","strong",0,"poor",0.3,5,5,1,0.125,1,0.2025,0.18,1,1,0,2000,218
135,"mean","large",800,"intercept","strong",0,"poor",0.3,5,5,1,0.125,1,0.2025,0.18,1,1,0,2000,218
136,"mean","small",200,"intercept","strong",0.15,"vgood",0.7,5,5,1,0.125,1,0.2025,0.18,1,1,0,2000,218
137,"mean","medium",500,"intercept","strong",0.15,"vgood",0.7,5,5,1,0.125,1,0.2025,0.18,1,1,0,2000,218
138,"mean","large",800,"intercept","strong",0.15,"vgood",0.7,5,5,1,0.125,1,0.2025,0.18,1,1,0,2000,218
139,"mean","small",200,"intercept","strong",0.15,"good",0.5,5,5,1,0.125,1,0.2025,0.18,1,1,0,2000,218
140,"mean","medium",500,"intercept","strong",0.15,"good",0.5,5,5,1,0.125,1,0.2025,0.18,1,1,0,2000,218
141,"mean","large",800,"intercept","strong",0.15,"good",0.5,5,5,1,0.125,1,0.2025,0.18,1,1,0,2000,218
142,"mean","small",200,"intercept","strong",0.15,"poor",0.3,5,5,1,0.125,1,0.2025,0.18,1,1,0,2000,218
143,"mean","medium",500,"intercept","strong",0.15,"poor",0.3,5,5,1,0.125,1,0.2025,0.18,1,1,0,2000,218
144,"mean","large",800,"intercept","strong",0.15,"poor",0.3,5,5,1,0.125,1,0.2025,0.18,1,1,0,2000,218
145,"mean","small",200,"intercept","weak",0,"vgood",0.7,5,5,1,0.125,1,0.2025,0.18,1,1,0,2000,218
146,"mean","medium",500,"intercept","weak",0,"vgood",0.7,5,5,1,0.125,1,0.2025,0.18,1,1,0,2000,218
147,"mean","large",800,"intercept","weak",0,"vgood",0.7,5,5,1,0.125,1,0.2025,0.18,1,1,0,2000,218
148,"mean","small",200,"intercept","weak",0,"good",0.5,5,5,1,0.125,1,0.2025,0.18,1,1,0,2000,218
149,"mean","medium",500,"intercept","weak",0,"good",0.5,5,5,1,0.125,1,0.2025,0.18,1,1,0,2000,218
150,"mean","large",800,"intercept","weak",0,"good",0.5,5,5,1,0.125,1,0.2025,0.18,1,1,0,2000,218
151,"mean","small",200,"intercept","weak",0,"poor",0.3,5,5,1,0.125,1,0.2025,0.18,1,1,0,2000,218
152,"mean","medium",500,"intercept","weak",0,"poor",0.3,5,5,1,0.125,1,0.2025,0.18,1,1,0,2000,218
153,"mean","large",800,"intercept","weak",0,"poor",0.3,5,5,1,0.125,1,0.2025,0.18,1,1,0,2000,218
154,"mean","small",200,"intercept","weak",0.15,"vgood",0.7,5,5,1,0.125,1,0.2025,0.18,1,1,0,2000,218
155,"mean","medium",500,"intercept","weak",0.15,"vgood",0.7,5,5,1,0.125,1,0.2025,0.18,1,1,0,2000,218
156,"mean","large",800,"intercept","weak",0.15,"vgood",0.7,5,5,1,0.125,1,0.2025,0.18,1,1,0,2000,218
157,"mean","small",200,"intercept","weak",0.15,"good",0.5,5,5,1,0.125,1,0.2025,0.18,1,1,0,2000,218
158,"mean","medium",500,"intercept","weak",0.15,"good",0.5,5,5,1,0.125,1,0.2025,0.18,1,1,0,2000,218
159,"mean","large",800,"intercept","weak",0.15,"good",0.5,5,5,1,0.125,1,0.2025,0.18,1,1,0,2000,218
160,"mean","small",200,"intercept","weak",0.15,"poor",0.3,5,5,1,0.125,1,0.2025,0.18,1,1,0,2000,218
161,"mean","medium",500,"intercept","weak",0.15,"poor",0.3,5,5,1,0.125,1,0.2025,0.18,1,1,0,2000,218
162,"mean","large",800,"intercept","weak",0.15,"poor",0.3,5,5,1,0.125,1,0.2025,0.18,1,1,0,2000,218
163,"mean","small",200,"loading","strong",0,"vgood",0.7,5,5,1,0.125,1,0.2025,0.18,1,1,0,2000,218
164,"mean","medium",500,"loading","strong",0,"vgood",0.7,5,5,1,0.125,1,0.2025,0.18,1,1,0,2000,218
165,"mean","large",800,"loading","strong",0,"vgood",0.7,5,5,1,0.125,1,0.2025,0.18,1,1,0,2000,218
166,"mean","small",200,"loading","strong",0,"good",0.5,5,5,1,0.125,1,0.2025,0.18,1,1,0,2000,218
167,"mean","medium",500,"loading","strong",0,"good",0.5,5,5,1,0.125,1,0.2025,0.18,1,1,0,2000,218
168,"mean","large",800,"loading","strong",0,"good",0.5,5,5,1,0.125,1,0.2025,0.18,1,1,0,2000,218
169,"mean","small",200,"loading","strong",0,"poor",0.3,5,5,1,0.125,1,0.2025,0.18,1,1,0,2000,218
170,"mean","medium",500,"loading","strong",0,"poor",0.3,5,5,1,0.125,1,0.2025,0.18,1,1,0,2000,218
171,"mean","large",800,"loading","strong",0,"poor",0.3,5,5,1,0.125,1,0.2025,0.18,1,1,0,2000,218
172,"mean","small",200,"loading","strong",0.15,"vgood",0.7,5,5,1,0.125,1,0.2025,0.18,1,1,0,2000,218
173,"mean","medium",500,"loading","strong",0.15,"vgood",0.7,5,5,1,0.125,1,0.2025,0.18,1,1,0,2000,218
174,"mean","large",800,"loading","strong",0.15,"vgood",0.7,5,5,1,0.125,1,0.2025,0.18,1,1,0,2000,218
175,"mean","small",200,"loading","strong",0.15,"good",0.5,5,5,1,0.125,1,0.2025,0.18,1,1,0,2000,218
176,"mean","medium",500,"loading","strong",0.15,"good",0.5,5,5,1,0.125,1,0.2025,0.18,1,1,0,2000,218
177,"mean","large",800,"loading","strong",0.15,"good",0.5,5,5,1,0.125,1,0.2025,0.18,1,1,0,2000,218
178,"mean","small",200,"loading","strong",0.15,"poor",0.3,5,5,1,0.125,1,0.2025,0.18,1,1,0,2000,218
179,"mean","medium",500,"loading","strong",0.15,"poor",0.3,5,5,1,0.125,1,0.2025,0.18,1,1,0,2000,218
180,"mean","large",800,"loading","strong",0.15,"poor",0.3,5,5,1,0.125,1,0.2025,0.18,1,1,0,2000,218
181,"mean","small",200,"loading","weak",0,"vgood",0.7,5,5,1,0.125,1,0.2025,0.18,1,1,0,2000,218
182,"mean","medium",500,"loading","weak",0,"vgood",0.7,5,5,1,0.125,1,0.2025,0.18,1,1,0,2000,218
183,"mean","large",800,"loading","weak",0,"vgood",0.7,5,5,1,0.125,1,0.2025,0.18,1,1,0,2000,218
184,"mean","small",200,"loading","weak",0,"good",0.5,5,5,1,0.125,1,0.2025,0.18,1,1,0,2000,218
185,"mean","medium",500,"loading","weak",0,"good",0.5,5,5,1,0.125,1,0.2025,0.18,1,1,0,2000,218
186,"mean","large",800,"loading","weak",0,"good",0.5,5,5,1,0.125,1,0.2025,0.18,1,1,0,2000,218
187,"mean","small",200,"loading","weak",0,"poor",0.3,5,5,1,0.125,1,0.2025,0.18,1,1,0,2000,218
188,"mean","medium",500,"loading","weak",0,"poor",0.3,5,5,1,0.125,1,0.2025,0.18,1,1,0,2000,218
189,"mean","large",800,"loading","weak",0,"poor",0.3,5,5,1,0.125,1,0.2025,0.18,1,1,0,2000,218
190,"mean","small",200,"loading","weak",0.15,"vgood",0.7,5,5,1,0.125,1,0.2025,0.18,1,1,0,2000,218
191,"mean","medium",500,"loading","weak",0.15,"vgood",0.7,5,5,1,0.125,1,0.2025,0.18,1,1,0,2000,218
192,"mean","large",800,"loading","weak",0.15,"vgood",0.7,5,5,1,0.125,1,0.2025,0.18,1,1,0,2000,218
193,"mean","small",200,"loading","weak",0.15,"good",0.5,5,5,1,0.125,1,0.2025,0.18,1,1,0,2000,218
194,"mean","medium",500,"loading","weak",0.15,"good",0.5,5,5,1,0.125,1,0.2025,0.18,1,1,0,2000,218
195,"mean","large",800,"loading","weak",0.15,"good",0.5,5,5,1,0.125,1,0.2025,0.18,1,1,0,2000,218
196,"mean","small",200,"loading","weak",0.15,"poor",0.3,5,5,1,0.125,1,0.2025,0.18,1,1,0,2000,218
197,"mean","medium",500,"loading","weak",0.15,"poor",0.3,5,5,1,0.125,1,0.2025,0.18,1,1,0,2000,218
198,"mean","large",800,"loading","weak",0.15,"poor",0.3,5,5,1,0.125,1,0.2025,0.18,1,1,0,2000,218
199,"mean","small",200,"none","none",0,"vgood",0.7,5,5,1,0.125,1,0.2025,0.18,1,1,0,2000,218
200,"mean","medium",500,"none","none",0,"vgood",0.7,5,5,1,0.125,1,0.2025,0.18,1,1,0,2000,218
201,"mean","large",800,"none","none",0,"vgood",0.7,5,5,1,0.125,1,0.2025,0.18,1,1,0,2000,218
202,"mean","small",200,"none","none",0,"good",0.5,5,5,1,0.125,1,0.2025,0.18,1,1,0,2000,218
203,"mean","medium",500,"none","none",0,"good",0.5,5,5,1,0.125,1,0.2025,0.18,1,1,0,2000,218
204,"mean","large",800,"none","none",0,"good",0.5,5,5,1,0.125,1,0.2025,0.18,1,1,0,2000,218
205,"mean","small",200,"none","none",0,"poor",0.3,5,5,1,0.125,1,0.2025,0.18,1,1,0,2000,218
206,"mean","medium",500,"none","none",0,"poor",0.3,5,5,1,0.125,1,0.2025,0.18,1,1,0,2000,218
207,"mean","large",800,"none","none",0,"poor",0.3,5,5,1,0.125,1,0.2025,0.18,1,1,0,2000,218
208,"mean","small",200,"none","none",0.15,"vgood",0.7,5,5,1,0.125,1,0.2025,0.18,1,1,0,2000,218
209,"mean","medium",500,"none","none",0.15,"vgood",0.7,5,5,1,0.125,1,0.2025,0.18,1,1,0,2000,218
210,"mean","large",800,"none","none",0.15,"vgood",0.7,5,5,1,0.125,1,0.2025,0.18,1,1,0,2000,218
211,"mean","small",200,"none","none",0.15,"good",0.5,5,5,1,0.125,1,0.2025,0.18,1,1,0,2000,218
212,"mean","medium",500,"none","none",0.15,"good",0.5,5,5,1,0.125,1,0.2025,0.18,1,1,0,2000,218
213,"mean","large",800,"none","none",0.15,"good",0.5,5,5,1,0.125,1,0.2025,0.18,1,1,0,2000,218
214,"mean","small",200,"none","none",0.15,"poor",0.3,5,5,1,0.125,1,0.2025,0.18,1,1,0,2000,218
215,"mean","medium",500,"none","none",0.15,"poor",0.3,5,5,1,0.125,1,0.2025,0.18,1,1,0,2000,218
216,"mean","large",800,"none","none",0.15,"poor",0.3,5,5,1,0.125,1,0.2025,0.18,1,1,0,2000,218
217,"mean","small",200,"residual","strong",0,"vgood",0.7,5,5,1,0.125,1,0.2025,0.18,1,1,0,2000,218
218,"mean","medium",500,"residual","strong",0,"vgood",0.7,5,5,1,0.125,1,0.2025,0.18,1,1,0,2000,218
219,"mean","large",800,"residual","strong",0,"vgood",0.7,5,5,1,0.125,1,0.2025,0.18,1,1,0,2000,218
220,"mean","small",200,"residual","strong",0,"good",0.5,5,5,1,0.125,1,0.2025,0.18,1,1,0,2000,218
221,"mean","medium",500,"residual","strong",0,"good",0.5,5,5,1,0.125,1,0.2025,0.18,1,1,0,2000,218
222,"mean","large",800,"residual","strong",0,"good",0.5,5,5,1,0.125,1,0.2025,0.18,1,1,0,2000,218
223,"mean","small",200,"residual","strong",0,"poor",0.3,5,5,1,0.125,1,0.2025,0.18,1,1,0,2000,218
224,"mean","medium",500,"residual","strong",0,"poor",0.3,5,5,1,0.125,1,0.2025,0.18,1,1,0,2000,218
225,"mean","large",800,"residual","strong",0,"poor",0.3,5,5,1,0.125,1,0.2025,0.18,1,1,0,2000,218
226,"mean","small",200,"residual","strong",0.15,"vgood",0.7,5,5,1,0.125,1,0.2025,0.18,1,1,0,2000,218
227,"mean","medium",500,"residual","strong",0.15,"vgood",0.7,5,5,1,0.125,1,0.2025,0.18,1,1,0,2000,218
228,"mean","large",800,"residual","strong",0.15,"vgood",0.7,5,5,1,0.125,1,0.2025,0.18,1,1,0,2000,218
229,"mean","small",200,"residual","strong",0.15,"good",0.5,5,5,1,0.125,1,0.2025,0.18,1,1,0,2000,218
230,"mean","medium",500,"residual","strong",0.15,"good",0.5,5,5,1,0.125,1,0.2025,0.18,1,1,0,2000,218
231,"mean","large",800,"residual","strong",0.15,"good",0.5,5,5,1,0.125,1,0.2025,0.18,1,1,0,2000,218
232,"mean","small",200,"residual","strong",0.15,"poor",0.3,5,5,1,0.125,1,0.2025,0.18,1,1,0,2000,218
233,"mean","medium",500,"residual","strong",0.15,"poor",0.3,5,5,1,0.125,1,0.2025,0.18,1,1,0,2000,218
234,"mean","large",800,"residual","strong",0.15,"poor",0.3,5,5,1,0.125,1,0.2025,0.18,1,1,0,2000,218
235,"mean","small",200,"residual","weak",0,"vgood",0.7,5,5,1,0.125,1,0.2025,0.18,1,1,0,2000,218
236,"mean","medium",500,"residual","weak",0,"vgood",0.7,5,5,1,0.125,1,0.2025,0.18,1,1,0,2000,218
237,"mean","large",800,"residual","weak",0,"vgood",0.7,5,5,1,0.125,1,0.2025,0.18,1,1,0,2000,218
238,"mean","small",200,"residual","weak",0,"good",0.5,5,5,1,0.125,1,0.2025,0.18,1,1,0,2000,218
239,"mean","medium",500,"residual","weak",0,"good",0.5,5,5,1,0.125,1,0.2025,0.18,1,1,0,2000,218
240,"mean","large",800,"residual","weak",0,"good",0.5,5,5,1,0.125,1,0.2025,0.18,1,1,0,2000,218
241,"mean","small",200,"residual","weak",0,"poor",0.3,5,5,1,0.125,1,0.2025,0.18,1,1,0,2000,218
242,"mean","medium",500,"residual","weak",0,"poor",0.3,5,5,1,0.125,1,0.2025,0.18,1,1,0,2000,218
243,"mean","large",800,"residual","weak",0,"poor",0.3,5,5,1,0.125,1,0.2025,0.18,1,1,0,2000,218
244,"mean","small",200,"residual","weak",0.15,"vgood",0.7,5,5,1,0.125,1,0.2025,0.18,1,1,0,2000,218
245,"mean","medium",500,"residual","weak",0.15,"vgood",0.7,5,5,1,0.125,1,0.2025,0.18,1,1,0,2000,218
246,"mean","large",800,"residual","weak",0.15,"vgood",0.7,5,5,1,0.125,1,0.2025,0.18,1,1,0,2000,218
247,"mean","small",200,"residual","weak",0.15,"good",0.5,5,5,1,0.125,1,0.2025,0.18,1,1,0,2000,218
248,"mean","medium",500,"residual","weak",0.15,"good",0.5,5,5,1,0.125,1,0.2025,0.18,1,1,0,2000,218
249,"mean","large",800,"residual","weak",0.15,"good",0.5,5,5,1,0.125,1,0.2025,0.18,1,1,0,2000,218
250,"mean","small",200,"residual","weak",0.15,"poor",0.3,5,5,1,0.125,1,0.2025,0.18,1,1,0,2000,218
251,"mean","medium",500,"residual","weak",0.15,"poor",0.3,5,5,1,0.125,1,0.2025,0.18,1,1,0,2000,218
252,"mean","large",800,"residual","weak",0.15,"poor",0.3,5,5,1,0.125,1,0.2025,0.18,1,1,0,2000,218
253,"mean_scaled","small",200,"intercept","strong",0,"vgood",0.7,5,5,1,0.125,1,0.2025,0.18,1,1,0,2000,218
254,"mean_scaled","medium",500,"intercept","strong",0,"vgood",0.7,5,5,1,0.125,1,0.2025,0.18,1,1,0,2000,218
255,"mean_scaled","large",800,"intercept","strong",0,"vgood",0.7,5,5,1,0.125,1,0.2025,0.18,1,1,0,2000,218
256,"mean_scaled","small",200,"intercept","strong",0,"good",0.5,5,5,1,0.125,1,0.2025,0.18,1,1,0,2000,218
257,"mean_scaled","medium",500,"intercept","strong",0,"good",0.5,5,5,1,0.125,1,0.2025,0.18,1,1,0,2000,218
258,"mean_scaled","large",800,"intercept","strong",0,"good",0.5,5,5,1,0.125,1,0.2025,0.18,1,1,0,2000,218
259,"mean_scaled","small",200,"intercept","strong",0,"poor",0.3,5,5,1,0.125,1,0.2025,0.18,1,1,0,2000,218
260,"mean_scaled","medium",500,"intercept","strong",0,"poor",0.3,5,5,1,0.125,1,0.2025,0.18,1,1,0,2000,218
261,"mean_scaled","large",800,"intercept","strong",0,"poor",0.3,5,5,1,0.125,1,0.2025,0.18,1,1,0,2000,218
262,"mean_scaled","small",200,"intercept","strong",0.15,"vgood",0.7,5,5,1,0.125,1,0.2025,0.18,1,1,0,2000,218
263,"mean_scaled","medium",500,"intercept","strong",0.15,"vgood",0.7,5,5,1,0.125,1,0.2025,0.18,1,1,0,2000,218
264,"mean_scaled","large",800,"intercept","strong",0.15,"vgood",0.7,5,5,1,0.125,1,0.2025,0.18,1,1,0,2000,218
265,"mean_scaled","small",200,"intercept","strong",0.15,"good",0.5,5,5,1,0.125,1,0.2025,0.18,1,1,0,2000,218
266,"mean_scaled","medium",500,"intercept","strong",0.15,"good",0.5,5,5,1,0.125,1,0.2025,0.18,1,1,0,2000,218
267,"mean_scaled","large",800,"intercept","strong",0.15,"good",0.5,5,5,1,0.125,1,0.2025,0.18,1,1,0,2000,218
268,"mean_scaled","small",200,"intercept","strong",0.15,"poor",0.3,5,5,1,0.125,1,0.2025,0.18,1,1,0,2000,218
269,"mean_scaled","medium",500,"intercept","strong",0.15,"poor",0.3,5,5,1,0.125,1,0.2025,0.18,1,1,0,2000,218
270,"mean_scaled","large",800,"intercept","strong",0.15,"poor",0.3,5,5,1,0.125,1,0.2025,0.18,1,1,0,2000,218
271,"mean_scaled","small",200,"intercept","weak",0,"vgood",0.7,5,5,1,0.125,1,0.2025,0.18,1,1,0,2000,218
272,"mean_scaled","medium",500,"intercept","weak",0,"vgood",0.7,5,5,1,0.125,1,0.2025,0.18,1,1,0,2000,218
273,"mean_scaled","large",800,"intercept","weak",0,"vgood",0.7,5,5,1,0.125,1,0.2025,0.18,1,1,0,2000,218
274,"mean_scaled","small",200,"intercept","weak",0,"good",0.5,5,5,1,0.125,1,0.2025,0.18,1,1,0,2000,218
275,"mean_scaled","medium",500,"intercept","weak",0,"good",0.5,5,5,1,0.125,1,0.2025,0.18,1,1,0,2000,218
276,"mean_scaled","large",800,"intercept","weak",0,"good",0.5,5,5,1,0.125,1,0.2025,0.18,1,1,0,2000,218
277,"mean_scaled","small",200,"intercept","weak",0,"poor",0.3,5,5,1,0.125,1,0.2025,0.18,1,1,0,2000,218
278,"mean_scaled","medium",500,"intercept","weak",0,"poor",0.3,5,5,1,0.125,1,0.2025,0.18,1,1,0,2000,218
279,"mean_scaled","large",800,"intercept","weak",0,"poor",0.3,5,5,1,0.125,1,0.2025,0.18,1,1,0,2000,218
280,"mean_scaled","small",200,"intercept","weak",0.15,"vgood",0.7,5,5,1,0.125,1,0.2025,0.18,1,1,0,2000,218
281,"mean_scaled","medium",500,"intercept","weak",0.15,"vgood",0.7,5,5,1,0.125,1,0.2025,0.18,1,1,0,2000,218
282,"mean_scaled","large",800,"intercept","weak",0.15,"vgood",0.7,5,5,1,0.125,1,0.2025,0.18,1,1,0,2000,218
283,"mean_scaled","small",200,"intercept","weak",0.15,"good",0.5,5,5,1,0.125,1,0.2025,0.18,1,1,0,2000,218
284,"mean_scaled","medium",500,"intercept","weak",0.15,"good",0.5,5,5,1,0.125,1,0.2025,0.18,1,1,0,2000,218
285,"mean_scaled","large",800,"intercept","weak",0.15,"good",0.5,5,5,1,0.125,1,0.2025,0.18,1,1,0,2000,218
286,"mean_scaled","small",200,"intercept","weak",0.15,"poor",0.3,5,5,1,0.125,1,0.2025,0.18,1,1,0,2000,218
287,"mean_scaled","medium",500,"intercept","weak",0.15,"poor",0.3,5,5,1,0.125,1,0.2025,0.18,1,1,0,2000,218
288,"mean_scaled","large",800,"intercept","weak",0.15,"poor",0.3,5,5,1,0.125,1,0.2025,0.18,1,1,0,2000,218
289,"mean_scaled","small",200,"loading","strong",0,"vgood",0.7,5,5,1,0.125,1,0.2025,0.18,1,1,0,2000,218
290,"mean_scaled","medium",500,"loading","strong",0,"vgood",0.7,5,5,1,0.125,1,0.2025,0.18,1,1,0,2000,218
291,"mean_scaled","large",800,"loading","strong",0,"vgood",0.7,5,5,1,0.125,1,0.2025,0.18,1,1,0,2000,218
292,"mean_scaled","small",200,"loading","strong",0,"good",0.5,5,5,1,0.125,1,0.2025,0.18,1,1,0,2000,218
293,"mean_scaled","medium",500,"loading","strong",0,"good",0.5,5,5,1,0.125,1,0.2025,0.18,1,1,0,2000,218
294,"mean_scaled","large",800,"loading","strong",0,"good",0.5,5,5,1,0.125,1,0.2025,0.18,1,1,0,2000,218
295,"mean_scaled","small",200,"loading","strong",0,"poor",0.3,5,5,1,0.125,1,0.2025,0.18,1,1,0,2000,218
296,"mean_scaled","medium",500,"loading","strong",0,"poor",0.3,5,5,1,0.125,1,0.2025,0.18,1,1,0,2000,218
297,"mean_scaled","large",800,"loading","strong",0,"poor",0.3,5,5,1,0.125,1,0.2025,0.18,1,1,0,2000,218
298,"mean_scaled","small",200,"loading","strong",0.15,"vgood",0.7,5,5,1,0.125,1,0.2025,0.18,1,1,0,2000,218
299,"mean_scaled","medium",500,"loading","strong",0.15,"vgood",0.7,5,5,1,0.125,1,0.2025,0.18,1,1,0,2000,218
300,"mean_scaled","large",800,"loading","strong",0.15,"vgood",0.7,5,5,1,0.125,1,0.2025,0.18,1,1,0,2000,218
301,"mean_scaled","small",200,"loading","strong",0.15,"good",0.5,5,5,1,0.125,1,0.2025,0.18,1,1,0,2000,218
302,"mean_scaled","medium",500,"loading","strong",0.15,"good",0.5,5,5,1,0.125,1,0.2025,0.18,1,1,0,2000,218
303,"mean_scaled","large",800,"loading","strong",0.15,"good",0.5,5,5,1,0.125,1,0.2025,0.18,1,1,0,2000,218
304,"mean_scaled","small",200,"loading","strong",0.15,"poor",0.3,5,5,1,0.125,1,0.2025,0.18,1,1,0,2000,218
305,"mean_scaled","medium",500,"loading","strong",0.15,"poor",0.3,5,5,1,0.125,1,0.2025,0.18,1,1,0,2000,218
306,"mean_scaled","large",800,"loading","strong",0.15,"poor",0.3,5,5,1,0.125,1,0.2025,0.18,1,1,0,2000,218
307,"mean_scaled","small",200,"loading","weak",0,"vgood",0.7,5,5,1,0.125,1,0.2025,0.18,1,1,0,2000,218
308,"mean_scaled","medium",500,"loading","weak",0,"vgood",0.7,5,5,1,0.125,1,0.2025,0.18,1,1,0,2000,218
309,"mean_scaled","large",800,"loading","weak",0,"vgood",0.7,5,5,1,0.125,1,0.2025,0.18,1,1,0,2000,218
310,"mean_scaled","small",200,"loading","weak",0,"good",0.5,5,5,1,0.125,1,0.2025,0.18,1,1,0,2000,218
311,"mean_scaled","medium",500,"loading","weak",0,"good",0.5,5,5,1,0.125,1,0.2025,0.18,1,1,0,2000,218
312,"mean_scaled","large",800,"loading","weak",0,"good",0.5,5,5,1,0.125,1,0.2025,0.18,1,1,0,2000,218
313,"mean_scaled","small",200,"loading","weak",0,"poor",0.3,5,5,1,0.125,1,0.2025,0.18,1,1,0,2000,218
314,"mean_scaled","medium",500,"loading","weak",0,"poor",0.3,5,5,1,0.125,1,0.2025,0.18,1,1,0,2000,218
315,"mean_scaled","large",800,"loading","weak",0,"poor",0.3,5,5,1,0.125,1,0.2025,0.18,1,1,0,2000,218
316,"mean_scaled","small",200,"loading","weak",0.15,"vgood",0.7,5,5,1,0.125,1,0.2025,0.18,1,1,0,2000,218
317,"mean_scaled","medium",500,"loading","weak",0.15,"vgood",0.7,5,5,1,0.125,1,0.2025,0.18,1,1,0,2000,218
318,"mean_scaled","large",800,"loading","weak",0.15,"vgood",0.7,5,5,1,0.125,1,0.2025,0.18,1,1,0,2000,218
319,"mean_scaled","small",200,"loading","weak",0.15,"good",0.5,5,5,1,0.125,1,0.2025,0.18,1,1,0,2000,218
320,"mean_scaled","medium",500,"loading","weak",0.15,"good",0.5,5,5,1,0.125,1,0.2025,0.18,1,1,0,2000,218
321,"mean_scaled","large",800,"loading","weak",0.15,"good",0.5,5,5,1,0.125,1,0.2025,0.18,1,1,0,2000,218
322,"mean_scaled","small",200,"loading","weak",0.15,"poor",0.3,5,5,1,0.125,1,0.2025,0.18,1,1,0,2000,218
323,"mean_scaled","medium",500,"loading","weak",0.15,"poor",0.3,5,5,1,0.125,1,0.2025,0.18,1,1,0,2000,218
324,"mean_scaled","large",800,"loading","weak",0.15,"poor",0.3,5,5,1,0.125,1,0.2025,0.18,1,1,0,2000,218
325,"mean_scaled","small",200,"none","none",0,"vgood",0.7,5,5,1,0.125,1,0.2025,0.18,1,1,0,2000,218
326,"mean_scaled","medium",500,"none","none",0,"vgood",0.7,5,5,1,0.125,1,0.2025,0.18,1,1,0,2000,218
327,"mean_scaled","large",800,"none","none",0,"vgood",0.7,5,5,1,0.125,1,0.2025,0.18,1,1,0,2000,218
328,"mean_scaled","small",200,"none","none",0,"good",0.5,5,5,1,0.125,1,0.2025,0.18,1,1,0,2000,218
329,"mean_scaled","medium",500,"none","none",0,"good",0.5,5,5,1,0.125,1,0.2025,0.18,1,1,0,2000,218
330,"mean_scaled","large",800,"none","none",0,"good",0.5,5,5,1,0.125,1,0.2025,0.18,1,1,0,2000,218
331,"mean_scaled","small",200,"none","none",0,"poor",0.3,5,5,1,0.125,1,0.2025,0.18,1,1,0,2000,218
332,"mean_scaled","medium",500,"none","none",0,"poor",0.3,5,5,1,0.125,1,0.2025,0.18,1,1,0,2000,218
333,"mean_scaled","large",800,"none","none",0,"poor",0.3,5,5,1,0.125,1,0.2025,0.18,1,1,0,2000,218
334,"mean_scaled","small",200,"none","none",0.15,"vgood",0.7,5,5,1,0.125,1,0.2025,0.18,1,1,0,2000,218
335,"mean_scaled","medium",500,"none","none",0.15,"vgood",0.7,5,5,1,0.125,1,0.2025,0.18,1,1,0,2000,218
336,"mean_scaled","large",800,"none","none",0.15,"vgood",0.7,5,5,1,0.125,1,0.2025,0.18,1,1,0,2000,218
337,"mean_scaled","small",200,"none","none",0.15,"good",0.5,5,5,1,0.125,1,0.2025,0.18,1,1,0,2000,218
338,"mean_scaled","medium",500,"none","none",0.15,"good",0.5,5,5,1,0.125,1,0.2025,0.18,1,1,0,2000,218
339,"mean_scaled","large",800,"none","none",0.15,"good",0.5,5,5,1,0.125,1,0.2025,0.18,1,1,0,2000,218
340,"mean_scaled","small",200,"none","none",0.15,"poor",0.3,5,5,1,0.125,1,0.2025,0.18,1,1,0,2000,218
341,"mean_scaled","medium",500,"none","none",0.15,"poor",0.3,5,5,1,0.125,1,0.2025,0.18,1,1,0,2000,218
342,"mean_scaled","large",800,"none","none",0.15,"poor",0.3,5,5,1,0.125,1,0.2025,0.18,1,1,0,2000,218
343,"mean_scaled","small",200,"residual","strong",0,"vgood",0.7,5,5,1,0.125,1,0.2025,0.18,1,1,0,2000,218
344,"mean_scaled","medium",500,"residual","strong",0,"vgood",0.7,5,5,1,0.125,1,0.2025,0.18,1,1,0,2000,218
345,"mean_scaled","large",800,"residual","strong",0,"vgood",0.7,5,5,1,0.125,1,0.2025,0.18,1,1,0,2000,218
346,"mean_scaled","small",200,"residual","strong",0,"good",0.5,5,5,1,0.125,1,0.2025,0.18,1,1,0,2000,218
347,"mean_scaled","medium",500,"residual","strong",0,"good",0.5,5,5,1,0.125,1,0.2025,0.18,1,1,0,2000,218
348,"mean_scaled","large",800,"residual","strong",0,"good",0.5,5,5,1,0.125,1,0.2025,0.18,1,1,0,2000,218
349,"mean_scaled","small",200,"residual","strong",0,"poor",0.3,5,5,1,0.125,1,0.2025,0.18,1,1,0,2000,218
350,"mean_scaled","medium",500,"residual","strong",0,"poor",0.3,5,5,1,0.125,1,0.2025,0.18,1,1,0,2000,218
351,"mean_scaled","large",800,"residual","strong",0,"poor",0.3,5,5,1,0.125,1,0.2025,0.18,1,1,0,2000,218
352,"mean_scaled","small",200,"residual","strong",0.15,"vgood",0.7,5,5,1,0.125,1,0.2025,0.18,1,1,0,2000,218
353,"mean_scaled","medium",500,"residual","strong",0.15,"vgood",0.7,5,5,1,0.125,1,0.2025,0.18,1,1,0,2000,218
354,"mean_scaled","large",800,"residual","strong",0.15,"vgood",0.7,5,5,1,0.125,1,0.2025,0.18,1,1,0,2000,218
355,"mean_scaled","small",200,"residual","strong",0.15,"good",0.5,5,5,1,0.125,1,0.2025,0.18,1,1,0,2000,218
356,"mean_scaled","medium",500,"residual","strong",0.15,"good",0.5,5,5,1,0.125,1,0.2025,0.18,1,1,0,2000,218
357,"mean_scaled","large",800,"residual","strong",0.15,"good",0.5,5,5,1,0.125,1,0.2025,0.18,1,1,0,2000,218
358,"mean_scaled","small",200,"residual","strong",0.15,"poor",0.3,5,5,1,0.125,1,0.2025,0.18,1,1,0,2000,218
359,"mean_scaled","medium",500,"residual","strong",0.15,"poor",0.3,5,5,1,0.125,1,0.2025,0.18,1,1,0,2000,218
360,"mean_scaled","large",800,"residual","strong",0.15,"poor",0.3,5,5,1,0.125,1,0.2025,0.18,1,1,0,2000,218
361,"mean_scaled","small",200,"residual","weak",0,"vgood",0.7,5,5,1,0.125,1,0.2025,0.18,1,1,0,2000,218
362,"mean_scaled","medium",500,"residual","weak",0,"vgood",0.7,5,5,1,0.125,1,0.2025,0.18,1,1,0,2000,218
363,"mean_scaled","large",800,"residual","weak",0,"vgood",0.7,5,5,1,0.125,1,0.2025,0.18,1,1,0,2000,218
364,"mean_scaled","small",200,"residual","weak",0,"good",0.5,5,5,1,0.125,1,0.2025,0.18,1,1,0,2000,218
365,"mean_scaled","medium",500,"residual","weak",0,"good",0.5,5,5,1,0.125,1,0.2025,0.18,1,1,0,2000,218
366,"mean_scaled","large",800,"residual","weak",0,"good",0.5,5,5,1,0.125,1,0.2025,0.18,1,1,0,2000,218
367,"mean_scaled","small",200,"residual","weak",0,"poor",0.3,5,5,1,0.125,1,0.2025,0.18,1,1,0,2000,218
368,"mean_scaled","medium",500,"residual","weak",0,"poor",0.3,5,5,1,0.125,1,0.2025,0.18,1,1,0,2000,218
369,"mean_scaled","large",800,"residual","weak",0,"poor",0.3,5,5,1,0.125,1,0.2025,0.18,1,1,0,2000,218
370,"mean_scaled","small",200,"residual","weak",0.15,"vgood",0.7,5,5,1,0.125,1,0.2025,0.18,1,1,0,2000,218
371,"mean_scaled","medium",500,"residual","weak",0.15,"vgood",0.7,5,5,1,0.125,1,0.2025,0.18,1,1,0,2000,218
372,"mean_scaled","large",800,"residual","weak",0.15,"vgood",0.7,5,5,1,0.125,1,0.2025,0.18,1,1,0,2000,218
373,"mean_scaled","small",200,"residual","weak",0.15,"good",0.5,5,5,1,0.125,1,0.2025,0.18,1,1,0,2000,218
374,"mean_scaled","medium",500,"residual","weak",0.15,"good",0.5,5,5,1,0.125,1,0.2025,0.18,1,1,0,2000,218
375,"mean_scaled","large",800,"residual","weak",0.15,"good",0.5,5,5,1,0.125,1,0.2025,0.18,1,1,0,2000,218
376,"mean_scaled","small",200,"residual","weak",0.15,"poor",0.3,5,5,1,0.125,1,0.2025,0.18,1,1,0,2000,218
377,"mean_scaled","medium",500,"residual","weak",0.15,"poor",0.3,5,5,1,0.125,1,0.2025,0.18,1,1,0,2000,218
378,"mean_scaled","large",800,"residual","weak",0.15,"poor",0.3,5,5,1,0.125,1,0.2025,0.18,1,1,0,2000,218
379,"sum","small",200,"intercept","strong",0,"vgood",0.7,5,5,1,0.125,1,0.2025,0.18,1,1,0,2000,218
380,"sum","medium",500,"intercept","strong",0,"vgood",0.7,5,5,1,0.125,1,0.2025,0.18,1,1,0,2000,218
381,"sum","large",800,"intercept","strong",0,"vgood",0.7,5,5,1,0.125,1,0.2025,0.18,1,1,0,2000,218
382,"sum","small",200,"intercept","strong",0,"good",0.5,5,5,1,0.125,1,0.2025,0.18,1,1,0,2000,218
383,"sum","medium",500,"intercept","strong",0,"good",0.5,5,5,1,0.125,1,0.2025,0.18,1,1,0,2000,218
384,"sum","large",800,"intercept","strong",0,"good",0.5,5,5,1,0.125,1,0.2025,0.18,1,1,0,2000,218
385,"sum","small",200,"intercept","strong",0,"poor",0.3,5,5,1,0.125,1,0.2025,0.18,1,1,0,2000,218
386,"sum","medium",500,"intercept","strong",0,"poor",0.3,5,5,1,0.125,1,0.2025,0.18,1,1,0,2000,218
387,"sum","large",800,"intercept","strong",0,"poor",0.3,5,5,1,0.125,1,0.2025,0.18,1,1,0,2000,218
388,"sum","small",200,"intercept","strong",0.15,"vgood",0.7,5,5,1,0.125,1,0.2025,0.18,1,1,0,2000,218
389,"sum","medium",500,"intercept","strong",0.15,"vgood",0.7,5,5,1,0.125,1,0.2025,0.18,1,1,0,2000,218
390,"sum","large",800,"intercept","strong",0.15,"vgood",0.7,5,5,1,0.125,1,0.2025,0.18,1,1,0,2000,218
391,"sum","small",200,"intercept","strong",0.15,"good",0.5,5,5,1,0.125,1,0.2025,0.18,1,1,0,2000,218
392,"sum","medium",500,"intercept","strong",0.15,"good",0.5,5,5,1,0.125,1,0.2025,0.18,1,1,0,2000,218
393,"sum","large",800,"intercept","strong",0.15,"good",0.5,5,5,1,0.125,1,0.2025,0.18,1,1,0,2000,218
394,"sum","small",200,"intercept","strong",0.15,"poor",0.3,5,5,1,0.125,1,0.2025,0.18,1,1,0,2000,218
395,"sum","medium",500,"intercept","strong",0.15,"poor",0.3,5,5,1,0.125,1,0.2025,0.18,1,1,0,2000,218
396,"sum","large",800,"intercept","strong",0.15,"poor",0.3,5,5,1,0.125,1,0.2025,0.18,1,1,0,2000,218
397,"sum","small",200,"intercept","weak",0,"vgood",0.7,5,5,1,0.125,1,0.2025,0.18,1,1,0,2000,218
398,"sum","medium",500,"intercept","weak",0,"vgood",0.7,5,5,1,0.125,1,0.2025,0.18,1,1,0,2000,218
399,"sum","large",800,"intercept","weak",0,"vgood",0.7,5,5,1,0.125,1,0.2025,0.18,1,1,0,2000,218
400,"sum","small",200,"intercept","weak",0,"good",0.5,5,5,1,0.125,1,0.2025,0.18,1,1,0,2000,218
401,"sum","medium",500,"intercept","weak",0,"good",0.5,5,5,1,0.125,1,0.2025,0.18,1,1,0,2000,218
402,"sum","large",800,"intercept","weak",0,"good",0.5,5,5,1,0.125,1,0.2025,0.18,1,1,0,2000,218
403,"sum","small",200,"intercept","weak",0,"poor",0.3,5,5,1,0.125,1,0.2025,0.18,1,1,0,2000,218
404,"sum","medium",500,"intercept","weak",0,"poor",0.3,5,5,1,0.125,1,0.2025,0.18,1,1,0,2000,218
405,"sum","large",800,"intercept","weak",0,"poor",0.3,5,5,1,0.125,1,0.2025,0.18,1,1,0,2000,218
406,"sum","small",200,"intercept","weak",0.15,"vgood",0.7,5,5,1,0.125,1,0.2025,0.18,1,1,0,2000,218
407,"sum","medium",500,"intercept","weak",0.15,"vgood",0.7,5,5,1,0.125,1,0.2025,0.18,1,1,0,2000,218
408,"sum","large",800,"intercept","weak",0.15,"vgood",0.7,5,5,1,0.125,1,0.2025,0.18,1,1,0,2000,218
409,"sum","small",200,"intercept","weak",0.15,"good",0.5,5,5,1,0.125,1,0.2025,0.18,1,1,0,2000,218
410,"sum","medium",500,"intercept","weak",0.15,"good",0.5,5,5,1,0.125,1,0.2025,0.18,1,1,0,2000,218
411,"sum","large",800,"intercept","weak",0.15,"good",0.5,5,5,1,0.125,1,0.2025,0.18,1,1,0,2000,218
412,"sum","small",200,"intercept","weak",0.15,"poor",0.3,5,5,1,0.125,1,0.2025,0.18,1,1,0,2000,218
413,"sum","medium",500,"intercept","weak",0.15,"poor",0.3,5,5,1,0.125,1,0.2025,0.18,1,1,0,2000,218
414,"sum","large",800,"intercept","weak",0.15,"poor",0.3,5,5,1,0.125,1,0.2025,0.18,1,1,0,2000,218
415,"sum","small",200,"loading","strong",0,"vgood",0.7,5,5,1,0.125,1,0.2025,0.18,1,1,0,2000,218
416,"sum","medium",500,"loading","strong",0,"vgood",0.7,5,5,1,0.125,1,0.2025,0.18,1,1,0,2000,218
417,"sum","large",800,"loading","strong",0,"vgood",0.7,5,5,1,0.125,1,0.2025,0.18,1,1,0,2000,218
418,"sum","small",200,"loading","strong",0,"good",0.5,5,5,1,0.125,1,0.2025,0.18,1,1,0,2000,218
419,"sum","medium",500,"loading","strong",0,"good",0.5,5,5,1,0.125,1,0.2025,0.18,1,1,0,2000,218
420,"sum","large",800,"loading","strong",0,"good",0.5,5,5,1,0.125,1,0.2025,0.18,1,1,0,2000,218
421,"sum","small",200,"loading","strong",0,"poor",0.3,5,5,1,0.125,1,0.2025,0.18,1,1,0,2000,218
422,"sum","medium",500,"loading","strong",0,"poor",0.3,5,5,1,0.125,1,0.2025,0.18,1,1,0,2000,218
423,"sum","large",800,"loading","strong",0,"poor",0.3,5,5,1,0.125,1,0.2025,0.18,1,1,0,2000,218
424,"sum","small",200,"loading","strong",0.15,"vgood",0.7,5,5,1,0.125,1,0.2025,0.18,1,1,0,2000,218
425,"sum","medium",500,"loading","strong",0.15,"vgood",0.7,5,5,1,0.125,1,0.2025,0.18,1,1,0,2000,218
426,"sum","large",800,"loading","strong",0.15,"vgood",0.7,5,5,1,0.125,1,0.2025,0.18,1,1,0,2000,218
427,"sum","small",200,"loading","strong",0.15,"good",0.5,5,5,1,0.125,1,0.2025,0.18,1,1,0,2000,218
428,"sum","medium",500,"loading","strong",0.15,"good",0.5,5,5,1,0.125,1,0.2025,0.18,1,1,0,2000,218
429,"sum","large",800,"loading","strong",0.15,"good",0.5,5,5,1,0.125,1,0.2025,0.18,1,1,0,2000,218
430,"sum","small",200,"loading","strong",0.15,"poor",0.3,5,5,1,0.125,1,0.2025,0.18,1,1,0,2000,218
431,"sum","medium",500,"loading","strong",0.15,"poor",0.3,5,5,1,0.125,1,0.2025,0.18,1,1,0,2000,218
432,"sum","large",800,"loading","strong",0.15,"poor",0.3,5,5,1,0.125,1,0.2025,0.18,1,1,0,2000,218
433,"sum","small",200,"loading","weak",0,"vgood",0.7,5,5,1,0.125,1,0.2025,0.18,1,1,0,2000,218
434,"sum","medium",500,"loading","weak",0,"vgood",0.7,5,5,1,0.125,1,0.2025,0.18,1,1,0,2000,218
435,"sum","large",800,"loading","weak",0,"vgood",0.7,5,5,1,0.125,1,0.2025,0.18,1,1,0,2000,218
436,"sum","small",200,"loading","weak",0,"good",0.5,5,5,1,0.125,1,0.2025,0.18,1,1,0,2000,218
437,"sum","medium",500,"loading","weak",0,"good",0.5,5,5,1,0.125,1,0.2025,0.18,1,1,0,2000,218
438,"sum","large",800,"loading","weak",0,"good",0.5,5,5,1,0.125,1,0.2025,0.18,1,1,0,2000,218
439,"sum","small",200,"loading","weak",0,"poor",0.3,5,5,1,0.125,1,0.2025,0.18,1,1,0,2000,218
440,"sum","medium",500,"loading","weak",0,"poor",0.3,5,5,1,0.125,1,0.2025,0.18,1,1,0,2000,218
441,"sum","large",800,"loading","weak",0,"poor",0.3,5,5,1,0.125,1,0.2025,0.18,1,1,0,2000,218
442,"sum","small",200,"loading","weak",0.15,"vgood",0.7,5,5,1,0.125,1,0.2025,0.18,1,1,0,2000,218
443,"sum","medium",500,"loading","weak",0.15,"vgood",0.7,5,5,1,0.125,1,0.2025,0.18,1,1,0,2000,218
444,"sum","large",800,"loading","weak",0.15,"vgood",0.7,5,5,1,0.125,1,0.2025,0.18,1,1,0,2000,218
445,"sum","small",200,"loading","weak",0.15,"good",0.5,5,5,1,0.125,1,0.2025,0.18,1,1,0,2000,218
446,"sum","medium",500,"loading","weak",0.15,"good",0.5,5,5,1,0.125,1,0.2025,0.18,1,1,0,2000,218
447,"sum","large",800,"loading","weak",0.15,"good",0.5,5,5,1,0.125,1,0.2025,0.18,1,1,0,2000,218
448,"sum","small",200,"loading","weak",0.15,"poor",0.3,5,5,1,0.125,1,0.2025,0.18,1,1,0,2000,218
449,"sum","medium",500,"loading","weak",0.15,"poor",0.3,5,5,1,0.125,1,0.2025,0.18,1,1,0,2000,218
450,"sum","large",800,"loading","weak",0.15,"poor",0.3,5,5,1,0.125,1,0.2025,0.18,1,1,0,2000,218
451,"sum","small",200,"none","none",0,"vgood",0.7,5,5,1,0.125,1,0.2025,0.18,1,1,0,2000,218
452,"sum","medium",500,"none","none",0,"vgood",0.7,5,5,1,0.125,1,0.2025,0.18,1,1,0,2000,218
453,"sum","large",800,"none","none",0,"vgood",0.7,5,5,1,0.125,1,0.2025,0.18,1,1,0,2000,218
454,"sum","small",200,"none","none",0,"good",0.5,5,5,1,0.125,1,0.2025,0.18,1,1,0,2000,218
455,"sum","medium",500,"none","none",0,"good",0.5,5,5,1,0.125,1,0.2025,0.18,1,1,0,2000,218
456,"sum","large",800,"none","none",0,"good",0.5,5,5,1,0.125,1,0.2025,0.18,1,1,0,2000,218
457,"sum","small",200,"none","none",0,"poor",0.3,5,5,1,0.125,1,0.2025,0.18,1,1,0,2000,218
458,"sum","medium",500,"none","none",0,"poor",0.3,5,5,1,0.125,1,0.2025,0.18,1,1,0,2000,218
459,"sum","large",800,"none","none",0,"poor",0.3,5,5,1,0.125,1,0.2025,0.18,1,1,0,2000,218
460,"sum","small",200,"none","none",0.15,"vgood",0.7,5,5,1,0.125,1,0.2025,0.18,1,1,0,2000,218
461,"sum","medium",500,"none","none",0.15,"vgood",0.7,5,5,1,0.125,1,0.2025,0.18,1,1,0,2000,218
462,"sum","large",800,"none","none",0.15,"vgood",0.7,5,5,1,0.125,1,0.2025,0.18,1,1,0,2000,218
463,"sum","small",200,"none","none",0.15,"good",0.5,5,5,1,0.125,1,0.2025,0.18,1,1,0,2000,218
464,"sum","medium",500,"none","none",0.15,"good",0.5,5,5,1,0.125,1,0.2025,0.18,1,1,0,2000,218
465,"sum","large",800,"none","none",0.15,"good",0.5,5,5,1,0.125,1,0.2025,0.18,1,1,0,2000,218
466,"sum","small",200,"none","none",0.15,"poor",0.3,5,5,1,0.125,1,0.2025,0.18,1,1,0,2000,218
467,"sum","medium",500,"none","none",0.15,"poor",0.3,5,5,1,0.125,1,0.2025,0.18,1,1,0,2000,218
468,"sum","large",800,"none","none",0.15,"poor",0.3,5,5,1,0.125,1,0.2025,0.18,1,1,0,2000,218
469,"sum","small",200,"residual","strong",0,"vgood",0.7,5,5,1,0.125,1,0.2025,0.18,1,1,0,2000,218
470,"sum","medium",500,"residual","strong",0,"vgood",0.7,5,5,1,0.125,1,0.2025,0.18,1,1,0,2000,218
471,"sum","large",800,"residual","strong",0,"vgood",0.7,5,5,1,0.125,1,0.2025,0.18,1,1,0,2000,218
472,"sum","small",200,"residual","strong",0,"good",0.5,5,5,1,0.125,1,0.2025,0.18,1,1,0,2000,218
473,"sum","medium",500,"residual","strong",0,"good",0.5,5,5,1,0.125,1,0.2025,0.18,1,1,0,2000,218
474,"sum","large",800,"residual","strong",0,"good",0.5,5,5,1,0.125,1,0.2025,0.18,1,1,0,2000,218
475,"sum","small",200,"residual","strong",0,"poor",0.3,5,5,1,0.125,1,0.2025,0.18,1,1,0,2000,218
476,"sum","medium",500,"residual","strong",0,"poor",0.3,5,5,1,0.125,1,0.2025,0.18,1,1,0,2000,218
477,"sum","large",800,"residual","strong",0,"poor",0.3,5,5,1,0.125,1,0.2025,0.18,1,1,0,2000,218
478,"sum","small",200,"residual","strong",0.15,"vgood",0.7,5,5,1,0.125,1,0.2025,0.18,1,1,0,2000,218
479,"sum","medium",500,"residual","strong",0.15,"vgood",0.7,5,5,1,0.125,1,0.2025,0.18,1,1,0,2000,218
480,"sum","large",800,"residual","strong",0.15,"vgood",0.7,5,5,1,0.125,1,0.2025,0.18,1,1,0,2000,218
481,"sum","small",200,"residual","strong",0.15,"good",0.5,5,5,1,0.125,1,0.2025,0.18,1,1,0,2000,218
482,"sum","medium",500,"residual","strong",0.15,"good",0.5,5,5,1,0.125,1,0.2025,0.18,1,1,0,2000,218
483,"sum","large",800,"residual","strong",0.15,"good",0.5,5,5,1,0.125,1,0.2025,0.18,1,1,0,2000,218
484,"sum","small",200,"residual","strong",0.15,"poor",0.3,5,5,1,0.125,1,0.2025,0.18,1,1,0,2000,218
485,"sum","medium",500,"residual","strong",0.15,"poor",0.3,5,5,1,0.125,1,0.2025,0.18,1,1,0,2000,218
486,"sum","large",800,"residual","strong",0.15,"poor",0.3,5,5,1,0.125,1,0.2025,0.18,1,1,0,2000,218
487,"sum","small",200,"residual","weak",0,"vgood",0.7,5,5,1,0.125,1,0.2025,0.18,1,1,0,2000,218
488,"sum","medium",500,"residual","weak",0,"vgood",0.7,5,5,1,0.125,1,0.2025,0.18,1,1,0,2000,218
489,"sum","large",800,"residual","weak",0,"vgood",0.7,5,5,1,0.125,1,0.2025,0.18,1,1,0,2000,218
490,"sum","small",200,"residual","weak",0,"good",0.5,5,5,1,0.125,1,0.2025,0.18,1,1,0,2000,218
491,"sum","medium",500,"residual","weak",0,"good",0.5,5,5,1,0.125,1,0.2025,0.18,1,1,0,2000,218
492,"sum","large",800,"residual","weak",0,"good",0.5,5,5,1,0.125,1,0.2025,0.18,1,1,0,2000,218
493,"sum","small",200,"residual","weak",0,"poor",0.3,5,5,1,0.125,1,0.2025,0.18,1,1,0,2000,218
494,"sum","medium",500,"residual","weak",0,"poor",0.3,5,5,1,0.125,1,0.2025,0.18,1,1,0,2000,218
495,"sum","large",800,"residual","weak",0,"poor",0.3,5,5,1,0.125,1,0.2025,0.18,1,1,0,2000,218
496,"sum","small",200,"residual","weak",0.15,"vgood",0.7,5,5,1,0.125,1,0.2025,0.18,1,1,0,2000,218
497,"sum","medium",500,"residual","weak",0.15,"vgood",0.7,5,5,1,0.125,1,0.2025,0.18,1,1,0,2000,218
498,"sum","large",800,"residual","weak",0.15,"vgood",0.7,5,5,1,0.125,1,0.2025,0.18,1,1,0,2000,218
499,"sum","small",200,"residual","weak",0.15,"good",0.5,5,5,1,0.125,1,0.2025,0.18,1,1,0,2000,218
500,"sum","medium",500,"residual","weak",0.15,"good",0.5,5,5,1,0.125,1,0.2025,0.18,1,1,0,2000,218
501,"sum","large",800,"residual","weak",0.15,"good",0.5,5,5,1,0.125,1,0.2025,0.18,1,1,0,2000,218
502,"sum","small",200,"residual","weak",0.15,"poor",0.3,5,5,1,0.125,1,0.2025,0.18,1,1,0,2000,218
503,"sum","medium",500,"residual","weak",0.15,"poor",0.3,5,5,1,0.125,1,0.2025,0.18,1,1,0,2000,218
504,"sum","large",800,"residual","weak",0.15,"poor",0.3,5,5,1,0.125,1,0.2025,0.18,1,1,0,2000,218
505,"sum_scaled","small",200,"intercept","strong",0,"vgood",0.7,5,5,1,0.125,1,0.2025,0.18,1,1,0,2000,218
506,"sum_scaled","medium",500,"intercept","strong",0,"vgood",0.7,5,5,1,0.125,1,0.2025,0.18,1,1,0,2000,218
507,"sum_scaled","large",800,"intercept","strong",0,"vgood",0.7,5,5,1,0.125,1,0.2025,0.18,1,1,0,2000,218
508,"sum_scaled","small",200,"intercept","strong",0,"good",0.5,5,5,1,0.125,1,0.2025,0.18,1,1,0,2000,218
509,"sum_scaled","medium",500,"intercept","strong",0,"good",0.5,5,5,1,0.125,1,0.2025,0.18,1,1,0,2000,218
510,"sum_scaled","large",800,"intercept","strong",0,"good",0.5,5,5,1,0.125,1,0.2025,0.18,1,1,0,2000,218
511,"sum_scaled","small",200,"intercept","strong",0,"poor",0.3,5,5,1,0.125,1,0.2025,0.18,1,1,0,2000,218
512,"sum_scaled","medium",500,"intercept","strong",0,"poor",0.3,5,5,1,0.125,1,0.2025,0.18,1,1,0,2000,218
513,"sum_scaled","large",800,"intercept","strong",0,"poor",0.3,5,5,1,0.125,1,0.2025,0.18,1,1,0,2000,218
514,"sum_scaled","small",200,"intercept","strong",0.15,"vgood",0.7,5,5,1,0.125,1,0.2025,0.18,1,1,0,2000,218
515,"sum_scaled","medium",500,"intercept","strong",0.15,"vgood",0.7,5,5,1,0.125,1,0.2025,0.18,1,1,0,2000,218
516,"sum_scaled","large",800,"intercept","strong",0.15,"vgood",0.7,5,5,1,0.125,1,0.2025,0.18,1,1,0,2000,218
517,"sum_scaled","small",200,"intercept","strong",0.15,"good",0.5,5,5,1,0.125,1,0.2025,0.18,1,1,0,2000,218
518,"sum_scaled","medium",500,"intercept","strong",0.15,"good",0.5,5,5,1,0.125,1,0.2025,0.18,1,1,0,2000,218
519,"sum_scaled","large",800,"intercept","strong",0.15,"good",0.5,5,5,1,0.125,1,0.2025,0.18,1,1,0,2000,218
520,"sum_scaled","small",200,"intercept","strong",0.15,"poor",0.3,5,5,1,0.125,1,0.2025,0.18,1,1,0,2000,218
521,"sum_scaled","medium",500,"intercept","strong",0.15,"poor",0.3,5,5,1,0.125,1,0.2025,0.18,1,1,0,2000,218
522,"sum_scaled","large",800,"intercept","strong",0.15,"poor",0.3,5,5,1,0.125,1,0.2025,0.18,1,1,0,2000,218
523,"sum_scaled","small",200,"intercept","weak",0,"vgood",0.7,5,5,1,0.125,1,0.2025,0.18,1,1,0,2000,218
524,"sum_scaled","medium",500,"intercept","weak",0,"vgood",0.7,5,5,1,0.125,1,0.2025,0.18,1,1,0,2000,218
525,"sum_scaled","large",800,"intercept","weak",0,"vgood",0.7,5,5,1,0.125,1,0.2025,0.18,1,1,0,2000,218
526,"sum_scaled","small",200,"intercept","weak",0,"good",0.5,5,5,1,0.125,1,0.2025,0.18,1,1,0,2000,218
527,"sum_scaled","medium",500,"intercept","weak",0,"good",0.5,5,5,1,0.125,1,0.2025,0.18,1,1,0,2000,218
528,"sum_scaled","large",800,"intercept","weak",0,"good",0.5,5,5,1,0.125,1,0.2025,0.18,1,1,0,2000,218
529,"sum_scaled","small",200,"intercept","weak",0,"poor",0.3,5,5,1,0.125,1,0.2025,0.18,1,1,0,2000,218
530,"sum_scaled","medium",500,"intercept","weak",0,"poor",0.3,5,5,1,0.125,1,0.2025,0.18,1,1,0,2000,218
531,"sum_scaled","large",800,"intercept","weak",0,"poor",0.3,5,5,1,0.125,1,0.2025,0.18,1,1,0,2000,218
532,"sum_scaled","small",200,"intercept","weak",0.15,"vgood",0.7,5,5,1,0.125,1,0.2025,0.18,1,1,0,2000,218
533,"sum_scaled","medium",500,"intercept","weak",0.15,"vgood",0.7,5,5,1,0.125,1,0.2025,0.18,1,1,0,2000,218
534,"sum_scaled","large",800,"intercept","weak",0.15,"vgood",0.7,5,5,1,0.125,1,0.2025,0.18,1,1,0,2000,218
535,"sum_scaled","small",200,"intercept","weak",0.15,"good",0.5,5,5,1,0.125,1,0.2025,0.18,1,1,0,2000,218
536,"sum_scaled","medium",500,"intercept","weak",0.15,"good",0.5,5,5,1,0.125,1,0.2025,0.18,1,1,0,2000,218
537,"sum_scaled","large",800,"intercept","weak",0.15,"good",0.5,5,5,1,0.125,1,0.2025,0.18,1,1,0,2000,218
538,"sum_scaled","small",200,"intercept","weak",0.15,"poor",0.3,5,5,1,0.125,1,0.2025,0.18,1,1,0,2000,218
539,"sum_scaled","medium",500,"intercept","weak",0.15,"poor",0.3,5,5,1,0.125,1,0.2025,0.18,1,1,0,2000,218
540,"sum_scaled","large",800,"intercept","weak",0.15,"poor",0.3,5,5,1,0.125,1,0.2025,0.18,1,1,0,2000,218
541,"sum_scaled","small",200,"loading","strong",0,"vgood",0.7,5,5,1,0.125,1,0.2025,0.18,1,1,0,2000,218
542,"sum_scaled","medium",500,"loading","strong",0,"vgood",0.7,5,5,1,0.125,1,0.2025,0.18,1,1,0,2000,218
543,"sum_scaled","large",800,"loading","strong",0,"vgood",0.7,5,5,1,0.125,1,0.2025,0.18,1,1,0,2000,218
544,"sum_scaled","small",200,"loading","strong",0,"good",0.5,5,5,1,0.125,1,0.2025,0.18,1,1,0,2000,218
545,"sum_scaled","medium",500,"loading","strong",0,"good",0.5,5,5,1,0.125,1,0.2025,0.18,1,1,0,2000,218
546,"sum_scaled","large",800,"loading","strong",0,"good",0.5,5,5,1,0.125,1,0.2025,0.18,1,1,0,2000,218
547,"sum_scaled","small",200,"loading","strong",0,"poor",0.3,5,5,1,0.125,1,0.2025,0.18,1,1,0,2000,218
548,"sum_scaled","medium",500,"loading","strong",0,"poor",0.3,5,5,1,0.125,1,0.2025,0.18,1,1,0,2000,218
549,"sum_scaled","large",800,"loading","strong",0,"poor",0.3,5,5,1,0.125,1,0.2025,0.18,1,1,0,2000,218
550,"sum_scaled","small",200,"loading","strong",0.15,"vgood",0.7,5,5,1,0.125,1,0.2025,0.18,1,1,0,2000,218
551,"sum_scaled","medium",500,"loading","strong",0.15,"vgood",0.7,5,5,1,0.125,1,0.2025,0.18,1,1,0,2000,218
552,"sum_scaled","large",800,"loading","strong",0.15,"vgood",0.7,5,5,1,0.125,1,0.2025,0.18,1,1,0,2000,218
553,"sum_scaled","small",200,"loading","strong",0.15,"good",0.5,5,5,1,0.125,1,0.2025,0.18,1,1,0,2000,218
554,"sum_scaled","medium",500,"loading","strong",0.15,"good",0.5,5,5,1,0.125,1,0.2025,0.18,1,1,0,2000,218
555,"sum_scaled","large",800,"loading","strong",0.15,"good",0.5,5,5,1,0.125,1,0.2025,0.18,1,1,0,2000,218
556,"sum_scaled","small",200,"loading","strong",0.15,"poor",0.3,5,5,1,0.125,1,0.2025,0.18,1,1,0,2000,218
557,"sum_scaled","medium",500,"loading","strong",0.15,"poor",0.3,5,5,1,0.125,1,0.2025,0.18,1,1,0,2000,218
558,"sum_scaled","large",800,"loading","strong",0.15,"poor",0.3,5,5,1,0.125,1,0.2025,0.18,1,1,0,2000,218
559,"sum_scaled","small",200,"loading","weak",0,"vgood",0.7,5,5,1,0.125,1,0.2025,0.18,1,1,0,2000,218
560,"sum_scaled","medium",500,"loading","weak",0,"vgood",0.7,5,5,1,0.125,1,0.2025,0.18,1,1,0,2000,218
561,"sum_scaled","large",800,"loading","weak",0,"vgood",0.7,5,5,1,0.125,1,0.2025,0.18,1,1,0,2000,218
562,"sum_scaled","small",200,"loading","weak",0,"good",0.5,5,5,1,0.125,1,0.2025,0.18,1,1,0,2000,218
563,"sum_scaled","medium",500,"loading","weak",0,"good",0.5,5,5,1,0.125,1,0.2025,0.18,1,1,0,2000,218
564,"sum_scaled","large",800,"loading","weak",0,"good",0.5,5,5,1,0.125,1,0.2025,0.18,1,1,0,2000,218
565,"sum_scaled","small",200,"loading","weak",0,"poor",0.3,5,5,1,0.125,1,0.2025,0.18,1,1,0,2000,218
566,"sum_scaled","medium",500,"loading","weak",0,"poor",0.3,5,5,1,0.125,1,0.2025,0.18,1,1,0,2000,218
567,"sum_scaled","large",800,"loading","weak",0,"poor",0.3,5,5,1,0.125,1,0.2025,0.18,1,1,0,2000,218
568,"sum_scaled","small",200,"loading","weak",0.15,"vgood",0.7,5,5,1,0.125,1,0.2025,0.18,1,1,0,2000,218
569,"sum_scaled","medium",500,"loading","weak",0.15,"vgood",0.7,5,5,1,0.125,1,0.2025,0.18,1,1,0,2000,218
570,"sum_scaled","large",800,"loading","weak",0.15,"vgood",0.7,5,5,1,0.125,1,0.2025,0.18,1,1,0,2000,218
571,"sum_scaled","small",200,"loading","weak",0.15,"good",0.5,5,5,1,0.125,1,0.2025,0.18,1,1,0,2000,218
572,"sum_scaled","medium",500,"loading","weak",0.15,"good",0.5,5,5,1,0.125,1,0.2025,0.18,1,1,0,2000,218
573,"sum_scaled","large",800,"loading","weak",0.15,"good",0.5,5,5,1,0.125,1,0.2025,0.18,1,1,0,2000,218
574,"sum_scaled","small",200,"loading","weak",0.15,"poor",0.3,5,5,1,0.125,1,0.2025,0.18,1,1,0,2000,218
575,"sum_scaled","medium",500,"loading","weak",0.15,"poor",0.3,5,5,1,0.125,1,0.2025,0.18,1,1,0,2000,218
576,"sum_scaled","large",800,"loading","weak",0.15,"poor",0.3,5,5,1,0.125,1,0.2025,0.18,1,1,0,2000,218
577,"sum_scaled","small",200,"none","none",0,"vgood",0.7,5,5,1,0.125,1,0.2025,0.18,1,1,0,2000,218
578,"sum_scaled","medium",500,"none","none",0,"vgood",0.7,5,5,1,0.125,1,0.2025,0.18,1,1,0,2000,218
579,"sum_scaled","large",800,"none","none",0,"vgood",0.7,5,5,1,0.125,1,0.2025,0.18,1,1,0,2000,218
580,"sum_scaled","small",200,"none","none",0,"good",0.5,5,5,1,0.125,1,0.2025,0.18,1,1,0,2000,218
581,"sum_scaled","medium",500,"none","none",0,"good",0.5,5,5,1,0.125,1,0.2025,0.18,1,1,0,2000,218
582,"sum_scaled","large",800,"none","none",0,"good",0.5,5,5,1,0.125,1,0.2025,0.18,1,1,0,2000,218
583,"sum_scaled","small",200,"none","none",0,"poor",0.3,5,5,1,0.125,1,0.2025,0.18,1,1,0,2000,218
584,"sum_scaled","medium",500,"none","none",0,"poor",0.3,5,5,1,0.125,1,0.2025,0.18,1,1,0,2000,218
585,"sum_scaled","large",800,"none","none",0,"poor",0.3,5,5,1,0.125,1,0.2025,0.18,1,1,0,2000,218
586,"sum_scaled","small",200,"none","none",0.15,"vgood",0.7,5,5,1,0.125,1,0.2025,0.18,1,1,0,2000,218
587,"sum_scaled","medium",500,"none","none",0.15,"vgood",0.7,5,5,1,0.125,1,0.2025,0.18,1,1,0,2000,218
588,"sum_scaled","large",800,"none","none",0.15,"vgood",0.7,5,5,1,0.125,1,0.2025,0.18,1,1,0,2000,218
589,"sum_scaled","small",200,"none","none",0.15,"good",0.5,5,5,1,0.125,1,0.2025,0.18,1,1,0,2000,218
590,"sum_scaled","medium",500,"none","none",0.15,"good",0.5,5,5,1,0.125,1,0.2025,0.18,1,1,0,2000,218
591,"sum_scaled","large",800,"none","none",0.15,"good",0.5,5,5,1,0.125,1,0.2025,0.18,1,1,0,2000,218
592,"sum_scaled","small",200,"none","none",0.15,"poor",0.3,5,5,1,0.125,1,0.2025,0.18,1,1,0,2000,218
593,"sum_scaled","medium",500,"none","none",0.15,"poor",0.3,5,5,1,0.125,1,0.2025,0.18,1,1,0,2000,218
594,"sum_scaled","large",800,"none","none",0.15,"poor",0.3,5,5,1,0.125,1,0.2025,0.18,1,1,0,2000,218
595,"sum_scaled","small",200,"residual","strong",0,"vgood",0.7,5,5,1,0.125,1,0.2025,0.18,1,1,0,2000,218
596,"sum_scaled","medium",500,"residual","strong",0,"vgood",0.7,5,5,1,0.125,1,0.2025,0.18,1,1,0,2000,218
597,"sum_scaled","large",800,"residual","strong",0,"vgood",0.7,5,5,1,0.125,1,0.2025,0.18,1,1,0,2000,218
598,"sum_scaled","small",200,"residual","strong",0,"good",0.5,5,5,1,0.125,1,0.2025,0.18,1,1,0,2000,218
599,"sum_scaled","medium",500,"residual","strong",0,"good",0.5,5,5,1,0.125,1,0.2025,0.18,1,1,0,2000,218
600,"sum_scaled","large",800,"residual","strong",0,"good",0.5,5,5,1,0.125,1,0.2025,0.18,1,1,0,2000,218
601,"sum_scaled","small",200,"residual","strong",0,"poor",0.3,5,5,1,0.125,1,0.2025,0.18,1,1,0,2000,218
602,"sum_scaled","medium",500,"residual","strong",0,"poor",0.3,5,5,1,0.125,1,0.2025,0.18,1,1,0,2000,218
603,"sum_scaled","large",800,"residual","strong",0,"poor",0.3,5,5,1,0.125,1,0.2025,0.18,1,1,0,2000,218
604,"sum_scaled","small",200,"residual","strong",0.15,"vgood",0.7,5,5,1,0.125,1,0.2025,0.18,1,1,0,2000,218
605,"sum_scaled","medium",500,"residual","strong",0.15,"vgood",0.7,5,5,1,0.125,1,0.2025,0.18,1,1,0,2000,218
606,"sum_scaled","large",800,"residual","strong",0.15,"vgood",0.7,5,5,1,0.125,1,0.2025,0.18,1,1,0,2000,218
607,"sum_scaled","small",200,"residual","strong",0.15,"good",0.5,5,5,1,0.125,1,0.2025,0.18,1,1,0,2000,218
608,"sum_scaled","medium",500,"residual","strong",0.15,"good",0.5,5,5,1,0.125,1,0.2025,0.18,1,1,0,2000,218
609,"sum_scaled","large",800,"residual","strong",0.15,"good",0.5,5,5,1,0.125,1,0.2025,0.18,1,1,0,2000,218
610,"sum_scaled","small",200,"residual","strong",0.15,"poor",0.3,5,5,1,0.125,1,0.2025,0.18,1,1,0,2000,218
611,"sum_scaled","medium",500,"residual","strong",0.15,"poor",0.3,5,5,1,0.125,1,0.2025,0.18,1,1,0,2000,218
612,"sum_scaled","large",800,"residual","strong",0.15,"poor",0.3,5,5,1,0.125,1,0.2025,0.18,1,1,0,2000,218
613,"sum_scaled","small",200,"residual","weak",0,"vgood",0.7,5,5,1,0.125,1,0.2025,0.18,1,1,0,2000,218
614,"sum_scaled","medium",500,"residual","weak",0,"vgood",0.7,5,5,1,0.125,1,0.2025,0.18,1,1,0,2000,218
615,"sum_scaled","large",800,"residual","weak",0,"vgood",0.7,5,5,1,0.125,1,0.2025,0.18,1,1,0,2000,218
616,"sum_scaled","small",200,"residual","weak",0,"good",0.5,5,5,1,0.125,1,0.2025,0.18,1,1,0,2000,218
617,"sum_scaled","medium",500,"residual","weak",0,"good",0.5,5,5,1,0.125,1,0.2025,0.18,1,1,0,2000,218
618,"sum_scaled","large",800,"residual","weak",0,"good",0.5,5,5,1,0.125,1,0.2025,0.18,1,1,0,2000,218
619,"sum_scaled","small",200,"residual","weak",0,"poor",0.3,5,5,1,0.125,1,0.2025,0.18,1,1,0,2000,218
620,"sum_scaled","medium",500,"residual","weak",0,"poor",0.3,5,5,1,0.125,1,0.2025,0.18,1,1,0,2000,218
621,"sum_scaled","large",800,"residual","weak",0,"poor",0.3,5,5,1,0.125,1,0.2025,0.18,1,1,0,2000,218
622,"sum_scaled","small",200,"residual","weak",0.15,"vgood",0.7,5,5,1,0.125,1,0.2025,0.18,1,1,0,2000,218
623,"sum_scaled","medium",500,"residual","weak",0.15,"vgood",0.7,5,5,1,0.125,1,0.2025,0.18,1,1,0,2000,218
624,"sum_scaled","large",800,"residual","weak",0.15,"vgood",0.7,5,5,1,0.125,1,0.2025,0.18,1,1,0,2000,218
625,"sum_scaled","small",200,"residual","weak",0.15,"good",0.5,5,5,1,0.125,1,0.2025,0.18,1,1,0,2000,218
626,"sum_scaled","medium",500,"residual","weak",0.15,"good",0.5,5,5,1,0.125,1,0.2025,0.18,1,1,0,2000,218
627,"sum_scaled","large",800,"residual","weak",0.15,"good",0.5,5,5,1,0.125,1,0.2025,0.18,1,1,0,2000,218
628,"sum_scaled","small",200,"residual","weak",0.15,"poor",0.3,5,5,1,0.125,1,0.2025,0.18,1,1,0,2000,218
629,"sum_scaled","medium",500,"residual","weak",0.15,"poor",0.3,5,5,1,0.125,1,0.2025,0.18,1,1,0,2000,218
630,"sum_scaled","large",800,"residual","weak",0.15,"poor",0.3,5,5,1,0.125,1,0.2025,0.18,1,1,0,2000,218
