"model","rho","TT","J","loading_type","loading_quality","cu_modeled","spec_status","phi1.plim","phi2.plim","phi12.plim","cor12.plim","k1.plim","k2.plim","phi1.tgt","phi2.tgt","phi12.tgt","cor12.tgt","k1.tgt","k2.tgt","phi1.arbias","phi2.arbias","phi12.arbias","cor12.arbias","k2.arbias","rmsea.pop","cfi.pop","srmr.pop","df.pop"
"EC_latent",0,3,3,"tau_eq","vgood",FALSE,"correct (no CU)",0.36000000067382,0.0728999907534653,0.0648000039346315,0.40000004928123,0.900000002675868,0.0749999986260705,0.36,0.0729,0.0648,0.4,0.9,0.075,1.87172237585563e-09,-1.26838610868756e-07,6.07196214176113e-08,1.23203075380607e-07,-1.83190597876267e-08,0,1,3.50174191753529e-09,39
"sum",0,3,3,"tau_eq","vgood",FALSE,"correct (no CU)",0.359999996125934,0.0728999984433884,0.0648000024148076,0.400000021329019,0.900000000224715,0.0749999999094181,0.36,0.0729,0.0648,0.4,0.9,0.075,-1.07612954041652e-08,-2.13526974641577e-08,3.72655492284107e-08,5.33225465171316e-08,-1.20775870785887e-09,0,1,1.57323403514066e-09,1
"EC_latent",0.15,3,3,"tau_eq","vgood",FALSE,"MISSPEC (CU omitted)",0.456960980142968,0.121380397317422,0.0163195568228993,0.0692938233798827,0.899999967019878,0.0750000435294503,0.36,0.0729,0.0648,0.4,0.9,0.075,0.26933605595269,0.665026026302089,-0.748154987300936,-0.826765441550293,5.80392671145624e-07,0.0484894588076853,0.966606256888048,0.0206361121484156,39
"sum",0.15,3,3,"tau_eq","vgood",FALSE,"MISSPEC (CU omitted)",0.456960700435188,0.121380342024825,0.0163196542587728,0.0692942740890081,0.900000000953269,0.0750000003698985,0.36,0.0729,0.0648,0.4,0.9,0.075,0.269335278986633,0.665025267830245,-0.748153483660913,-0.82676431477748,4.93197963950346e-09,0,1,1.35501904704745e-08,1
"EC_latent",0,5,3,"tau_eq","vgood",FALSE,"correct (no CU)",0.359999997399022,0.0729000004782034,0.0648000002292049,0.40000000154789,0.899999999923261,0.0749999981755106,0.36,0.0729000000000001,0.0648,0.4,0.9,0.075,-7.22493931965612e-09,6.55971638081294e-09,3.53711294650328e-09,3.86972454080592e-09,-2.4326525978798e-08,0,1,2.28688633136366e-09,118
"sum",0,5,3,"tau_eq","vgood",FALSE,"correct (no CU)",0.360000011885426,0.0729000063809263,0.0647999948932138,0.399999944367647,0.900000000802201,0.0750000003180103,0.36,0.0729000000000001,0.0648,0.4,0.9,0.075,3.30150716950269e-08,8.75298519079001e-08,-7.88084281903667e-08,-1.39080881395026e-07,4.24013694525863e-09,0,1,1.14598998919955e-08,10
"EC_latent",0.15,5,3,"tau_eq","vgood",TRUE,"correct (CU modeled)",0.359999981877063,0.0728999977267782,0.0648000061849581,0.400000054483602,0.9000000009988,0.075000001207027,0.36,0.0729000000000001,0.0648,0.4,0.9,0.075,-5.03414906982691e-08,-3.1182741002959e-08,9.54468838499086e-08,1.36209005185961e-07,1.6093693044894e-08,0,1,3.18489447971233e-09,106
"sum",0.15,5,3,"tau_eq","vgood",TRUE,"correct (CU modeled)",0.360000010219613,0.0728999994497361,0.0647999962708102,0.399999972812388,0.89999998345543,0.0750000003966702,0.36,0.0729000000000001,0.0648,0.4,0.9,0.075,2.83878127794858e-08,-7.54820265124462e-09,-5.75492260156421e-08,-6.79690301264025e-08,5.28893540074904e-09,0,1,1.49414759148934e-08,6
"EC_latent",0,3,5,"tau_eq","vgood",FALSE,"correct (no CU)",0.999999989740786,0.202499962290257,0.180000002993336,0.400000045947897,1.50000002148313,0.124999984651423,1,0.2025,0.18,0.4,1.5,0.125,-1.0259214144881e-08,-1.8622095127932e-07,1.66296444207662e-08,1.14869742329216e-07,-1.2278861760695e-07,0,1,1.19160028496468e-08,114
"sum",0,3,5,"tau_eq","vgood",FALSE,"correct (no CU)",1.00000004243376,0.202500015052805,0.179999976174828,0.399999923701458,1.50000000212927,0.124999998559427,1,0.2025,0.18,0.4,1.5,0.125,4.2433756730631e-08,7.4334837051203e-08,-1.32362068836242e-07,-1.90746354267191e-07,-1.15245860632385e-08,0,1,3.65582205412555e-09,1
"EC_latent",0.15,3,5,"tau_eq","vgood",FALSE,"MISSPEC (CU omitted)",1.16160109670128,0.283300668795346,0.0991994762147336,0.172924716540913,1.50000002406919,0.124999986917454,1,0.2025,0.18,0.4,1.5,0.125,0.161601096701279,0.399015648372078,-0.448891798807035,-0.567688208647717,-1.04660367261644e-07,0.0400696492313499,0.968941004584183,0.0184574998219799,114
"sum",0.15,3,5,"tau_eq","vgood",FALSE,"MISSPEC (CU omitted)",1.1616012505229,0.283300607586942,0.0991993778822559,0.172924552358609,1.50000000918181,0.124999995779741,1,0.2025,0.18,0.4,1.5,0.125,0.161601250522896,0.399015346108353,-0.448892345098578,-0.567688619103477,-3.37620708057429e-08,0,1,6.14825381048897e-09,1
"EC_latent",0,5,5,"tau_eq","vgood",FALSE,"correct (no CU)",1.0000000133134,0.202499998340116,0.180000007561828,0.400000015780774,1.49999998263515,0.125000002334127,1,0.2025,0.18,0.4,1.5,0.125,1.33134048230232e-08,-8.1969573789766e-09,4.20101580066322e-08,3.94519343582811e-08,1.86730162443638e-08,0,1,6.36020539743232e-09,327
"sum",0,5,5,"tau_eq","vgood",FALSE,"correct (no CU)",1.00000000849725,0.202499995494722,0.180000019129873,0.400000045261035,1.49999998221943,0.125000002973961,1,0.2025,0.18,0.4,1.5,0.125,8.49725489970865e-09,-2.22482852442868e-08,1.06277071710971e-07,1.13152587855048e-07,2.37916910617031e-08,0,1,1.2855300725794e-08,10
"EC_latent",0.15,5,5,"tau_eq","vgood",TRUE,"correct (CU modeled)",1.00000002066035,0.202500004216314,0.179999995698117,0.399999982143928,1.4999999912415,0.125000006313723,1,0.2025,0.18,0.4,1.5,0.125,2.06603549823825e-08,2.08213013360207e-08,-2.38993527129022e-08,-4.46401798859242e-08,5.05097810243882e-08,0,1,6.82880204129119e-09,307
"sum",0.15,5,5,"tau_eq","vgood",TRUE,"correct (CU modeled)",0.999999879432582,0.202499997068403,0.180000022373995,0.400000076728883,1.49999997624732,0.125000004222518,1,0.2025,0.18,0.4,1.5,0.125,-1.20567418160356e-07,-1.44770227356108e-08,1.24299973092157e-07,1.91822207840087e-07,3.37801451255615e-08,0,1,1.25006348472056e-08,6
"EC_latent",0,3,3,"congeneric","vgood",FALSE,"correct (no CU)",0.35999998938793,0.0729000036490631,0.0648000041435026,0.400000021461624,0.899999996454832,0.0750000027775617,0.36,0.0729,0.0648,0.4,0.9,0.075,-2.94779737656607e-08,5.00557349722982e-08,6.39429404487086e-08,5.36540600837299e-08,3.70341555570401e-08,0,1,6.63438924791328e-09,39
"sum",0,3,3,"congeneric","vgood",FALSE,"correct (no CU)",0.359999983682472,0.072899987323692,0.0648000139806682,0.400000130142981,0.899999997316296,0.0750000013803882,0.36,0.0729,0.0648,0.4,0.9,0.075,-4.53264669624747e-08,-1.73886254998642e-07,2.15751052997141e-07,3.25357451813613e-07,1.84051760869034e-08,0,1,6.76146313124673e-09,1
"EC_latent",0.15,3,3,"congeneric","vgood",FALSE,"MISSPEC (CU omitted)",0.456960719597778,0.121380383459469,0.0163196131180242,0.0692940861227078,0.899999993681694,0.0749999943498593,0.36,0.0729,0.0648,0.4,0.9,0.075,0.26933533221605,0.665025836206704,-0.74815411854901,-0.82676478469323,-7.53352093670519e-08,0.0484894588076331,0.96660625688812,0.0206361121483022,39
"sum",0.15,3,3,"congeneric","vgood",FALSE,"MISSPEC (CU omitted)",0.461000741235485,0.123400348466888,0.0142996408709885,0.0599537186596049,0.899999997699378,0.0749999963026185,0.36,0.0729,0.0648,0.4,0.9,0.075,0.280557614543013,0.692734546870886,-0.779326529768697,-0.850115703350988,-4.9298419605807e-08,0,1,1.17479389355802e-08,1
"EC_latent",0,5,3,"congeneric","vgood",FALSE,"correct (no CU)",0.35999999705029,0.0728999994306275,0.0647999977444791,0.399999989277824,0.899999990985793,0.0750000002096606,0.36,0.0729000000000001,0.0648,0.4,0.9,0.075,-8.19363943977475e-09,-7.81032303303831e-09,-3.48074212199981e-08,-2.68054400898166e-08,2.79547459255032e-09,0,1,7.04325200514476e-09,118
"sum",0,5,3,"congeneric","vgood",FALSE,"correct (no CU)",0.360000003160122,0.0729000012485582,0.0647999972991875,0.399999978147295,0.899999996858183,0.0750000011094772,0.36,0.0729000000000001,0.0648,0.4,0.9,0.075,8.77811696787923e-09,1.71269971227699e-08,-4.16792057400117e-08,-5.46317618921322e-08,1.47930284688513e-08,0,1,2.84879583636704e-09,10
"EC_latent",0.15,5,3,"congeneric","vgood",TRUE,"correct (CU modeled)",0.360000004245438,0.0728999995181006,0.0647999995071611,0.399999995921291,0.900000002086309,0.0749999997399222,0.36,0.0729000000000001,0.0648,0.4,0.9,0.075,1.1792884415909e-08,-6.61041846927875e-09,-7.60553914086265e-09,-1.01967721766183e-08,-3.46770464195363e-09,0,1,1.92639977533069e-09,106
"sum",0.15,5,3,"congeneric","vgood",TRUE,"correct (CU modeled)",0.360000014578745,0.072900001293446,0.0647999957758264,0.399999962277004,0.89999997941747,0.0750000020296929,0.36,0.0729000000000001,0.0648,0.4,0.9,0.075,4.04965135499443e-08,1.77427421939178e-08,-6.51878647512433e-08,-9.43074897341579e-08,2.70625714430631e-08,0,1,1.706671272557e-08,6
"EC_latent",0,3,5,"congeneric","vgood",FALSE,"correct (no CU)",0.999999994897817,0.202500002221758,0.180000000373218,0.39999999965548,1.50000000253892,0.124999998791204,1,0.2025,0.18,0.4,1.5,0.125,-5.10218345350921e-09,1.09716463623534e-08,2.07343108731766e-09,-8.61300336607585e-10,-9.67036861698745e-09,0,1,1.49428641815866e-09,114
"sum",0,3,5,"congeneric","vgood",FALSE,"correct (no CU)",1.00000002671694,0.202500009729392,0.179999984403302,0.399999950388011,1.50000000089187,0.124999999191153,1,0.2025,0.18,0.4,1.5,0.125,2.67169375511855e-08,4.80463786725993e-08,-8.66483198463324e-08,-1.24029973375128e-07,-6.47077225135462e-09,0,1,2.54479390095837e-09,1
"EC_latent",0.15,3,5,"congeneric","vgood",FALSE,"MISSPEC (CU omitted)",1.16160149283346,0.28330054448034,0.0991991715954445,0.172924193982857,1.49999991781605,0.125000015641691,1,0.2025,0.18,0.4,1.5,0.125,0.161601492833456,0.399015034470814,-0.44889349113642,-0.567689515042856,1.2513352443122e-07,0.0400696492313602,0.968941004584167,0.0184574998221317,114
"sum",0.15,3,5,"congeneric","vgood",FALSE,"MISSPEC (CU omitted)",1.16968130116035,0.287340636119239,0.0951593515718392,0.164141794084729,1.50000000710524,0.124999996693874,1,0.2025,0.18,0.4,1.5,0.125,0.16968130116035,0.418966104292537,-0.471336935712004,-0.589645514788177,-2.64490114254556e-08,0,1,5.18252466234077e-09,1
"EC_latent",0,5,5,"congeneric","vgood",FALSE,"correct (no CU)",1.00000000122074,0.202499999831526,0.17999999949228,0.399999998793979,1.49999999970769,0.125000000040711,1,0.2025,0.18,0.4,1.5,0.125,1.22074217401291e-09,-8.31970569254772e-10,-2.8206662314487e-09,-3.01505195809959e-09,3.25691917879567e-10,0,1,3.27123345811485e-10,327
"sum",0,5,5,"congeneric","vgood",FALSE,"correct (no CU)",0.999999969223644,0.202499995476386,0.180000016817945,0.40000004799625,1.49999997746227,0.125000003888482,1,0.2025,0.18,0.4,1.5,0.125,-3.07763560192242e-08,-2.23388336635295e-08,9.34330282895443e-08,1.1999062632384e-07,3.11078558468125e-08,0,1,6.48941570014893e-09,10
"EC_latent",0.15,5,5,"congeneric","vgood",TRUE,"correct (CU modeled)",0.99999999462131,0.202499990200225,0.180000007257165,0.400000026881562,1.49999999685824,0.124999997908145,1,0.2025,0.18,0.4,1.5,0.125,-5.37869027095184e-09,-4.83939487934318e-08,4.03175827600065e-08,6.72039043858597e-08,-1.67348360724517e-08,0,1,4.95963777741514e-09,307
"sum",0.15,5,5,"congeneric","vgood",TRUE,"correct (CU modeled)",0.999999980161122,0.202500002044146,0.18000000337522,0.400000009449356,1.49999999341847,0.125000000335439,1,0.2025,0.18,0.4,1.5,0.125,-1.98388784289349e-08,1.00945463236642e-08,1.8751224955476e-08,2.36233911599104e-08,2.68351296739411e-09,0,1,2.61453722936596e-09,6
"EC_latent",0,3,3,"tau_eq","poor",FALSE,"correct (no CU)",0.359999993118621,0.0728999929281218,0.0648000060077052,0.400000060309178,0.899999999386427,0.0750000005895251,0.36,0.0729,0.0648,0.4,0.9,0.075,-1.91149421908183e-08,-9.70079315230652e-08,9.27114994857618e-08,1.50772945795019e-07,7.86033460542512e-09,0,1,2.0112060325947e-09,39
"sum",0,3,3,"tau_eq","poor",FALSE,"correct (no CU)",0.360000015590211,0.0728999994212474,0.064799983558915,0.399999891438393,0.899999991034029,0.0750000071425076,0.36,0.0729,0.0648,0.4,0.9,0.075,4.33061409263777e-08,-7.93899277974445e-09,-2.53720447215387e-07,-2.7140401634429e-07,9.52334346567459e-08,0,1,1.95238836197181e-08,1
"EC_latent",0.15,3,3,"tau_eq","poor",FALSE,"MISSPEC (CU omitted)",0.776443966508171,0.281122029551013,-0.143421969672317,-0.306982192121576,0.900000080580941,0.0749999113562049,0.36,0.0729,0.0648,0.4,0.9,0.075,1.15678879585603,2.85626926681774,-3.213302001116,-1.76745548030394,-1.18191726850014e-06,0.0484894588084663,0.856158656485568,0.0332001354913241,39
"sum",0.15,3,3,"tau_eq","poor",FALSE,"MISSPEC (CU omitted)",0.776444335466034,0.281122218105507,-0.143422179698973,-0.306982465778073,0.900000001077572,0.0750000062866544,0.36,0.0729,0.0648,0.4,0.9,0.075,1.15678982073898,2.85627185329913,-3.21330524226811,-1.76745616444518,8.38220581833582e-08,0,1,2.70832164522182e-08,1
"EC_latent",0,5,3,"tau_eq","poor",FALSE,"correct (no CU)",0.359999999081285,0.0728999991427869,0.064800001725478,0.400000013513247,0.900000001361061,0.0749999992248076,0.36,0.0729000000000001,0.0648,0.4,0.9,0.075,-2.5519874793625e-09,-1.17587541212965e-08,2.66277470751931e-08,3.37831182473103e-08,-1.03358986184669e-08,0,1,2.11397970651393e-09,118
"sum",0,5,3,"tau_eq","poor",FALSE,"correct (no CU)",0.359999960097397,0.0729000030430365,0.0648000074833131,0.400000060012884,0.899999988769704,0.0750000001149034,0.36,0.0729000000000001,0.0648,0.4,0.9,0.075,-1.10840564967093e-07,4.17426122626518e-08,1.15483227404713e-07,1.50032211793105e-07,1.53204449127031e-09,0,1,8.05886723245858e-09,10
"EC_latent",0.15,5,3,"tau_eq","poor",TRUE,"correct (CU modeled)",0.360000060345307,0.0729000037975438,0.0647999868910613,0.399999875136968,0.900000003645192,0.0749999977356081,0.36,0.0729000000000001,0.0648,0.4,0.9,0.075,1.67625852396134e-07,5.20925065010538e-08,-2.02298436490099e-07,-3.12157579923644e-07,-3.01918923195643e-08,0,1,8.86837913653073e-09,106
"sum",0.15,5,3,"tau_eq","poor",TRUE,"correct (CU modeled)",0.3600000041571,0.072900001761759,0.0647999986208683,0.399999984343983,0.899999997545495,0.074999999972231,0.36,0.0729000000000001,0.0648,0.4,0.9,0.075,1.15474999932511e-08,2.4166789587636e-08,-2.12828969982627e-08,-3.91400409305298e-08,-3.70253827597366e-10,0,1,2.0473800113929e-09,6
"EC_latent",0,3,5,"tau_eq","poor",FALSE,"correct (no CU)",0.999999999377391,0.2024999993115,0.180000000580851,0.400000002095302,1.50000000018897,0.12499999990925,1,0.2025,0.18,0.4,1.5,0.125,-6.22608964384597e-10,-3.39999976047189e-09,3.22695157632206e-09,5.23825607889883e-09,-7.26003035467215e-10,0,1,1.50646395597795e-10,114
"sum",0,3,5,"tau_eq","poor",FALSE,"correct (no CU)",0.999999979169665,0.202500012556745,0.179999990684753,0.399999971063795,1.49999998953823,0.125000008294582,1,0.2025,0.18,0.4,1.5,0.125,-2.0830334679367e-08,6.20086179934118e-08,-5.17513732484826e-08,-7.23405124691823e-08,6.63566532832505e-08,0,1,6.5064566836218e-09,1
"EC_latent",0.15,3,5,"tau_eq","poor",FALSE,"MISSPEC (CU omitted)",1.69407422726597,0.549537044500607,-0.167037080892281,-0.173120376210347,1.50000005541734,0.124999991777586,1,0.2025,0.18,0.4,1.5,0.125,0.694074227265972,1.71376318271905,-1.92798378273489,-1.43280094052587,-6.57793082226021e-08,0.0400696492314545,0.866256911159998,0.0296951039273169,114
"sum",0.15,3,5,"tau_eq","poor",FALSE,"MISSPEC (CU omitted)",1.6940739373991,0.549536959802405,-0.167037000041723,-0.173120320567512,1.49999997385744,0.125000011596748,1,0.2025,0.18,0.4,1.5,0.125,0.694073937399103,1.71376276445632,-1.92798333356513,-1.43280080141878,9.27739840506092e-08,0,1,1.42162639822612e-08,1
"EC_latent",0,5,5,"tau_eq","poor",FALSE,"correct (no CU)",1.00000001115899,0.202499999450224,0.179999999961768,0.39999999822623,1.50000000392831,0.124999999076232,1,0.2025,0.18,0.4,1.5,0.125,1.11589908424747e-08,-2.71494349635549e-09,-2.12402626351446e-10,-4.43442615960521e-09,-7.39014560657836e-09,0,1,9.43606875789161e-10,327
"sum",0,5,5,"tau_eq","poor",FALSE,"correct (no CU)",0.999999962057162,0.202499984178609,0.180000051896078,0.400000138539257,1.50000005237857,0.12499999351542,1,0.2025,0.18,0.4,1.5,0.125,-3.79428375385515e-08,-7.81303240211857e-08,2.8831154238709e-07,3.46348143498432e-07,-5.18766403168058e-08,0,1,1.93799627597601e-08,10
"EC_latent",0.15,5,5,"tau_eq","poor",TRUE,"correct (CU modeled)",0.999999989641258,0.202499995298014,0.180000007695247,0.400000023816234,1.49999999995712,0.124999997662357,1,0.2025,0.18,0.4,1.5,0.125,-1.03587418642803e-08,-2.32196831035568e-08,4.27513714244358e-08,5.9540584823603e-08,-1.87011434116258e-08,0,1,9.37224238908043e-09,307
"sum",0.15,5,5,"tau_eq","poor",TRUE,"correct (CU modeled)",1.00000005436759,0.202500018842938,0.17999996639176,0.399999895831201,1.49999999845994,0.125000000106553,1,0.2025,0.18,0.4,1.5,0.125,5.43675937603183e-08,9.30515467148199e-08,-1.86712447046587e-07,-2.60421997855254e-07,8.52425907638121e-10,0,1,5.54139093726173e-09,6
"EC_latent",0,3,3,"congeneric","poor",FALSE,"correct (no CU)",0.360000003736038,0.0729000179095538,0.0647999917882647,0.399999898100137,0.899999989642983,0.0750000051557955,0.36,0.0729,0.0648,0.4,0.9,0.075,1.03778820413779e-08,2.45672891609371e-07,-1.26724310272066e-07,-2.54749657618847e-07,6.87439401699426e-08,0,1,3.00498341908164e-09,39
"sum",0,3,3,"congeneric","poor",FALSE,"correct (no CU)",0.360000002564548,0.0729000016815465,0.0648000002109106,0.399999995263872,0.900000004691621,0.0749999985440988,0.36,0.0729,0.0648,0.4,0.9,0.075,7.12374511232146e-09,2.30664812810438e-08,3.2547935540166e-09,-1.18403192805872e-08,-1.94120158836242e-08,0,1,3.94622580025671e-09,1
"EC_latent",0.15,3,3,"congeneric","poor",FALSE,"MISSPEC (CU omitted)",0.77644344600642,0.281122076189905,-0.143421930563282,-0.306982185842785,0.900000686867291,0.0749995555965249,0.36,0.0729,0.0648,0.4,0.9,0.075,1.15678735001783,2.85626990658305,-3.21330139758151,-1.76745546460696,-5.925379668222e-06,0.0484894588078661,0.856158656489129,0.033200135490503,39
"sum",0.15,3,3,"congeneric","poor",FALSE,"MISSPEC (CU omitted)",0.793796045413098,0.2897980803975,-0.152098061069866,-0.317118413470465,0.899999955688653,0.0750000242678566,0.36,0.0729,0.0648,0.4,0.9,0.075,1.20498901503638,2.97528230997943,-3.3471923004609,-1.79279603367616,3.23571421323443e-07,0,1,2.93820720746412e-08,1
"EC_latent",0,5,3,"congeneric","poor",FALSE,"correct (no CU)",0.360000003592574,0.0729000012114788,0.0647999983309303,0.399999984377553,0.90000000004043,0.0749999994675683,0.36,0.0729000000000001,0.0648,0.4,0.9,0.075,9.97937134162975e-09,1.66183640160961e-08,-2.57572489143275e-08,-3.90561161189851e-08,-7.09908946442776e-09,0,1,1.9122525276007e-09,118
"sum",0,5,3,"congeneric","poor",FALSE,"correct (no CU)",0.359999969671221,0.0729000013981946,0.0648000079674412,0.400000062195135,0.899999996494002,0.0750000021830356,0.36,0.0729000000000001,0.0648,0.4,0.9,0.075,-8.42466083006421e-08,1.91796237861366e-08,1.22954339610971e-07,1.5548783816044e-07,2.91071415118675e-08,0,1,7.50977522451348e-09,10
"EC_latent",0.15,5,3,"congeneric","poor",TRUE,"correct (CU modeled)",0.360000002936482,0.072899999962439,0.0647999996667242,0.399999996414411,0.900000000646929,0.0749999999024558,0.36,0.0729000000000001,0.0648,0.4,0.9,0.075,8.156895220996e-09,-5.15240570830489e-10,-5.14314521184287e-09,-8.9639724809576e-09,-1.30059019110007e-09,0,1,5.36706066352197e-10,106
"sum",0.15,5,3,"congeneric","poor",TRUE,"correct (CU modeled)",0.360000033553847,0.0729000082009793,0.0647999931074209,0.399999916312941,0.899999982943383,0.0750000046562335,0.36,0.0729000000000001,0.0648,0.4,0.9,0.075,9.32051294169314e-08,1.12496285340046e-07,-1.06366961706281e-07,-2.09217647650917e-07,6.20831134649317e-08,0,1,8.31521501631583e-09,6
"EC_latent",0,3,5,"congeneric","poor",FALSE,"correct (no CU)",0.999999779410063,0.202500085769272,0.180000080219326,0.400000137672771,1.49999995425739,0.12500001713248,1,0.2025,0.18,0.4,1.5,0.125,-2.20589936761328e-07,4.23551962364442e-07,4.45662924619672e-07,3.44181928790821e-07,1.37059843918763e-07,0,1,1.20529482875351e-08,114
"sum",0,3,5,"congeneric","poor",FALSE,"correct (no CU)",1.00000002899918,0.202500053900608,0.179999939959434,0.399999807541547,1.49999998102777,0.125000010599716,1,0.2025,0.18,0.4,1.5,0.125,2.89991790580757e-08,2.66175841724378e-07,-3.33558699796812e-07,-4.81146132380594e-07,8.47977243978448e-08,0,1,1.35836173421974e-08,1
"EC_latent",0.15,3,5,"congeneric","poor",FALSE,"MISSPEC (CU omitted)",1.69407336322545,0.549537055788495,-0.167036843083273,-0.173120172111458,1.49999963683315,0.125000359277785,1,0.2025,0.18,0.4,1.5,0.125,0.694073363225453,1.71376323846171,-1.92798246157374,-1.43280043027865,2.87422228084644e-06,0.0400696492313637,0.866256911160605,0.029695103927164,114
"sum",0.15,3,5,"congeneric","poor",FALSE,"MISSPEC (CU omitted)",1.72877774236168,0.566888834893078,-0.184388918076835,-0.18625857804139,1.49999996238617,0.125000010771757,1,0.2025,0.18,0.4,1.5,0.125,0.728777742361684,1.79945103650903,-2.02438287820464,-1.46564644510347,8.61740578894654e-08,0,1,2.33967670271599e-08,1
"EC_latent",0,5,5,"congeneric","poor",FALSE,"correct (no CU)",1.00000002439819,0.202499996300923,0.180000001660965,0.400000002464804,1.49999999417135,0.125000001509207,1,0.2025,0.18,0.4,1.5,0.125,2.43981910230673e-08,-1.82670457635375e-08,9.22758197013312e-09,6.1620095137549e-09,1.20736554087841e-08,0,1,1.56460969962067e-09,327
"sum",0,5,5,"congeneric","poor",FALSE,"correct (no CU)",0.999999932941165,0.202499983186087,0.180000008065166,0.400000047940697,1.49999997035393,0.125000003217811,1,0.2025,0.18,0.4,1.5,0.125,-6.70588347073675e-08,-8.30316712505005e-08,4.48064795143131e-08,1.19851741586796e-07,2.57424892513569e-08,0,1,1.61818643061027e-08,10
"EC_latent",0.15,5,5,"congeneric","poor",TRUE,"correct (CU modeled)",0.999999998585422,0.202499999685228,0.180000000327341,0.400000001321226,1.49999999996204,0.12500000016872,1,0.2025,0.18,0.4,1.5,0.125,-1.41457834335057e-09,-1.55443011000623e-09,1.81855965471674e-09,3.30306393347968e-09,1.34976052557079e-09,0,1,3.96247948673983e-10,307
"sum",0.15,5,5,"congeneric","poor",TRUE,"correct (CU modeled)",0.999999977863813,0.202500007793678,0.17999999893663,0.399999994366732,1.50000000683048,0.124999997127823,1,0.2025,0.18,0.4,1.5,0.125,-2.21361865504477e-08,3.84872986704237e-08,-5.90761375004097e-09,-1.40831692141408e-08,-2.29774194115961e-08,0,1,4.61564565068858e-09,6
