"model","TT","J","target_loading","sd.lambda","rho","k1_true","k1_est","k1_diff","k2_true","k2_est","k2_diff","phi11_true","phi11_est","phi11_diff","phi22_true","phi22_est","phi22_diff","phi12_true","phi12_est","phi12_diff","cor12_true","cor12_est","cor12_diff","err_perc","flag"
"EC_latent",3,5,0.6708,0,0,10,10.0040812660991,0.00408126609905324,0.625,0.618939440054579,-0.00606055994542065,25,24.9078480652293,-0.0921519347707225,5.0625,5.04921860391597,-0.0132813960840341,4.5,4.50192104989963,0.00192104989963315,0.4,0.401437263688638,0.00143726368863806,0,FALSE
"sum",3,5,0.6708,0,0,10,10.0040831140425,0.00408311404253681,0.625,0.618937582670668,-0.00606241732933177,25,24.9078816817794,-0.0921183182205993,5.0625,5.04926479183593,-0.0132352081640716,4.5,4.50189708354653,0.00189708354652929,0.4,0.401433019650513,0.00143301965051346,0,FALSE
"EC_latent",5,5,0.6708,0,0,10,10.002541453641,0.00254145364097624,0.625,0.620805861294733,-0.00419413870526719,25,24.966561041569,-0.0334389584309953,5.0625,5.06708183571971,0.00458183571971293,4.5,4.48085953160134,-0.0191404683986596,0.4,0.398385027167885,-0.00161497283211504,0,FALSE
"sum",5,5,0.6708,0,0,10,10.0025423006412,0.00254230064117955,0.625,0.62080547126512,-0.00419452873488046,25,24.9665631391608,-0.033436860839192,5.0625,5.06708569098572,0.00458569098571981,4.5,4.48085425543638,-0.0191457445636232,0.4,0.398384389783919,-0.00161561021608131,0,FALSE
"EC_latent",3,8,0.6708,0,0,16,16.0029426241774,0.00294262417738267,1,0.992271234321573,-0.00772876567842717,64,63.8789181887629,-0.121081811237062,12.96,12.9830506410544,0.0230506410544198,11.52,11.454242601167,-0.0657573988329698,0.4,0.397739959701149,-0.00226004029885141,0,FALSE
"sum",3,8,0.6708,0,0,16,16.0029437978829,0.00294379788287813,1,0.992270137661493,-0.00772986233850737,64,63.8789674868603,-0.121032513139653,12.96,12.9831310519898,0.0231310519898003,11.52,11.4541992868909,-0.0658007131091036,0.4,0.397737070473008,-0.0022629295269917,0,FALSE
"EC_latent",5,8,0.6708,0,0,16,16.0038290118014,0.00382901180140749,1,0.992987817790663,-0.00701218220933686,64,63.9447123658898,-0.0552876341102291,12.96,12.9771743830297,0.0171743830296744,11.52,11.4690807532411,-0.050919246758923,0.4,0.398140375045016,-0.00185962495498393,0,FALSE
"sum",5,8,0.6708,0,0,16,16.0038277761949,0.00382777619488905,1,0.992988419548003,-0.00701158045199701,64,63.9446554042142,-0.0553445957858116,12.96,12.9771769663933,0.017176966393297,11.52,11.4690880039232,-0.0509119960768096,0.4,0.398140764449105,-0.00185923555089534,0,FALSE
"EC_latent",3,5,0.4,0,0,10,10.006687578142,0.0066875781420439,0.625,0.618639298772724,-0.00636070122727561,25,24.8688947256611,-0.131105274338935,5.0625,5.00391884172421,-0.05858115827579,4.5,4.49613024345413,-0.00386975654586763,0.4,0.403046832801195,0.00304683280119461,0,TRUE
"sum",3,5,0.4,0,0,10,10.0066906678005,0.0066906678005072,0.625,0.61863595776601,-0.00636404223399045,25,24.8689172368022,-0.131082763197785,5.0625,5.00404862912468,-0.0584513708753231,4.5,4.49611227759347,-0.00388772240653257,0.4,0.403039813051536,0.00303981305153567,0,TRUE
"EC_latent",5,5,0.4,0,0,10,10.00578508873,0.00578508873004324,0.625,0.61987903557071,-0.00512096442929011,25,24.9597901953853,-0.0402098046146975,5.0625,5.06724534261819,0.00474534261819048,4.5,4.46665964942895,-0.0333403505710477,0.4,0.397169993725447,-0.00283000627455265,0,FALSE
"sum",5,5,0.4,0,0,10,10.0057871676293,0.00578716762930931,0.625,0.61987803675498,-0.00512196324502023,25,24.9597984060665,-0.0402015939334639,5.0625,5.0672610373068,0.00476103730680144,4.5,4.46663865712449,-0.0333613428755113,0.4,0.397167446720212,-0.00283255327978843,0,FALSE
"EC_latent",3,8,0.4,0,0,16,16.0033316147947,0.00333161479474242,1,0.993858175673315,-0.00614182432668475,64,63.892633723891,-0.107366276108976,12.96,12.9094214734243,-0.05057852657567,11.52,11.3840607925372,-0.135939207462775,0.4,0.396386103811936,-0.00361389618806424,0,TRUE
"sum",3,8,0.4,0,0,16,16.0033336587493,0.0033336587492947,1,0.993856022499494,-0.00614397750050644,64,63.892559812412,-0.10744018758804,12.96,12.9096157261651,-0.0503842738349167,11.52,11.3840660756905,-0.135933924309484,0.4,0.396383534787561,-0.0036164652124388,0,TRUE
"EC_latent",5,8,0.4,0,0,16,16.0086124795227,0.00861247952266808,1,0.991237102235838,-0.0087628977641615,64,63.9001958699207,-0.0998041300793275,12.96,12.9760256264143,0.0160256264142689,11.52,11.4534668046617,-0.0665331953383408,0.4,0.397754424666622,-0.0022455753333781,0,FALSE
"sum",5,8,0.4,0,0,16,16.0086089456904,0.00860894569037995,1,0.991238905532224,-0.0087610944677764,64,63.9000252019003,-0.0999747980997299,12.96,12.976027715219,0.0160277152189572,11.52,11.4534939378569,-0.0665060621431035,0.4,0.397755866104393,-0.00224413389560713,0,FALSE
"EC_latent",3,5,0.6708,0.05,0,10,10.0042009929266,0.00420099292662002,0.625,0.618942388442134,-0.00605761155786622,25,24.9080806756974,-0.0919193243025553,5.0625,5.04926700048836,-0.0132329995116365,4.5,4.50196507487376,0.00196507487376429,0.4,0.401437391043513,0.00143739104351326,0,FALSE
"sum",3,5,0.6708,0.05,0,10,10.0042797714251,0.00427977142514635,0.625,0.618863871908509,-0.00613612809149078,25,24.9140183917543,-0.0859816082456994,5.0625,5.0497013937828,-0.0127986062172054,4.5,4.49950750190595,-0.000492498094052607,0.4,0.401153181699456,0.00115318169945583,0,FALSE
"EC_latent",5,5,0.6708,0.05,0,10,10.0025135197562,0.00251351975617098,0.625,0.620809890950344,-0.00419010904965611,25,24.9668837380012,-0.0331162619987921,5.0625,5.06714749836568,0.00464749836567879,4.5,4.48091783467692,-0.0190821653230815,0.4,0.398385054924925,-0.0016149450750747,0,FALSE
"sum",5,5,0.6708,0.05,0,10,10.0024575067836,0.00245750678363521,0.625,0.620836215137802,-0.00416378486219837,25,24.966806447696,-0.033193552303981,5.0625,5.06669349490188,0.00419349490187493,4.5,4.481407884305,-0.0185921156950046,0.4,0.398447090809416,-0.00155290919058371,0,FALSE
"EC_latent",3,8,0.6708,0.05,0,16,16.0029338632012,0.00293386320118572,1,0.992273362834227,-0.00772663716577315,64,63.8791996446844,-0.120800355315588,12.96,12.98310189903,0.0231018990300562,11.52,11.4542968078991,-0.0657031921008944,0.4,0.397740180597933,-0.00225981940206732,0,FALSE
"sum",3,8,0.6708,0.05,0,16,16.0028698444888,0.00286984448877803,1,0.992336690871293,-0.0076633091287065,64,63.8906056595264,-0.109394340473564,12.96,12.9867348873615,0.0267348873614814,11.52,11.4483541674363,-0.0716458325636928,0.4,0.397442738272075,-0.00255726172792448,0,FALSE
"EC_latent",5,8,0.6708,0.05,0,16,16.0037366322316,0.00373663223164833,1,0.992996263320595,-0.00700373667940479,64,63.9458001561067,-0.0541998438932723,12.96,12.9773952029272,0.0173952029272186,11.52,11.469275532808,-0.0507244671920315,0.4,0.398140362820048,-0.0018596371799523,0,FALSE
"sum",5,8,0.6708,0.05,0,16,16.0037659792411,0.00376597924107891,1,0.992981664280621,-0.00701833571937915,64,63.948414270209,-0.0515857297909861,12.96,12.977349720797,0.017349720797025,11.52,11.4689261968971,-0.0510738031028932,0.4,0.398120796226485,-0.00187920377351525,0,FALSE
"EC_latent",3,5,0.4,0.05,0,10,10.0069323791256,0.00693237912564548,0.625,0.618648386792302,-0.00635161320769806,25,24.8696247694931,-0.130375230506857,5.0625,5.0040691120268,-0.0584308879731967,4.5,4.49625662443688,-0.00374337556311843,0.4,0.40304619428225,0.00304619428225023,0,TRUE
"sum",3,5,0.4,0.05,0,10,10.0070969696693,0.00709696966927176,0.625,0.618484034149494,-0.00651596585050618,25,24.8856579610893,-0.114342038910706,5.0625,5.00690763528282,-0.0555923647171799,4.5,4.48862131120911,-0.0113786887908915,0.4,0.402118092092115,0.002118092092115,0,TRUE
"EC_latent",5,5,0.4,0.05,0,10,10.0057248671778,0.00572486717784138,0.625,0.619888557099366,-0.00511144290063359,25,24.9605540534264,-0.0394459465735686,5.0625,5.0674010692788,0.0049010692787963,4.5,4.46679793675566,-0.0332020632443371,0.4,0.397170109742497,-0.00282989025750341,0,FALSE
"sum",5,5,0.4,0.05,0,10,10.0056264652384,0.00562646523844634,0.625,0.619936137725556,-0.00506386227444444,25,24.9585968867522,-0.0414031132478101,5.0625,5.06588800944148,0.00338800944147799,4.5,4.46862411870914,-0.031375881290856,0.4,0.397407399835941,-0.00259260016405932,0,FALSE
"EC_latent",3,8,0.4,0.05,0,16,16.0033120610313,0.00331206103129844,1,0.993863220227241,-0.00613677977275828,64,63.8932996561656,-0.106700343834419,12.96,12.9095573283508,-0.0504426716491864,11.52,11.3841760140024,-0.135823985997607,0.4,0.396385964327961,-0.00361403567203905,0,TRUE
"sum",3,8,0.4,0.05,0,16,16.0031815522083,0.00318155220825034,1,0.993993134587671,-0.00600686541232831,64,63.9217523723436,-0.0782476276563528,12.96,12.918642602583,-0.0413573974170163,11.52,11.3696401376556,-0.150359862344384,0.4,0.395652524407005,-0.00434747559299498,0,TRUE
"EC_latent",5,8,0.4,0.05,0,16,0.976669342741592,-15.0233306572584,1,0.123345207189594,-0.876654792810406,64,0.989444996037887,-63.0105550039621,12.96,0.20092370821173,-12.7590762917883,11.52,0.177348015667116,-11.3426519843329,0.4,0.397754327049207,-0.00224567295079264,0,TRUE
"sum",5,8,0.4,0.05,0,16,16.008480271831,0.00848027183100974,1,0.991225036342881,-0.00877496365711916,64,63.904646560786,-0.0953534392139872,12.96,12.9761605339798,0.016160533979809,11.52,11.4540518333538,-0.0659481666461801,0.4,0.397758821869721,-0.00224117813027913,0,FALSE
"EC_latent",3,5,0.6708,0,0.15,10,10.0054289681985,0.00542896819851357,0.625,0.615516958202132,-0.00948304179786841,25,24.9454377506202,-0.0545622493797602,5.0625,5.10524059329847,0.0427405932984684,4.5,4.48593642254981,-0.0140635774501927,0.4,0.397511266838776,-0.00248873316122372,0,TRUE
"sum",3,5,0.6708,0,0.15,10,NA,NA,0.625,NA,NA,25,NA,NA,5.0625,NA,NA,4.5,NA,NA,0.4,NA,NA,1,NA
"EC_latent",5,5,0.6708,0,0.15,10,9.99875656849739,-0.00124343150260842,0.625,0.62171862096995,-0.00328137903005021,25,25.0030435988527,0.00304359885265271,5.0625,5.06888843311995,0.00638843311995263,4.5,4.47650914434087,-0.0234908556591291,0.4,0.397636892043194,-0.00236310795680567,0,FALSE
"sum",5,5,0.6708,0,0.15,10,9.99875555204462,-0.00124444795537748,0.625,0.621718444415123,-0.00328155558487697,25,25.0526738681965,0.0526738681964964,5.0625,5.0800935088125,0.0175935088124977,4.5,4.4582007856658,-0.0417992143342039,0.4,0.395181612004492,-0.0048183879955076,0,FALSE
"EC_latent",3,8,0.6708,0,0.15,16,16.0077240024467,0.00772400244674998,1,0.986372376986445,-0.0136276230135551,64,63.7362528744961,-0.263747125503905,12.96,13.027972189234,0.0679721892339504,11.52,11.546649502522,0.0266495025219999,0.4,0.400704581510939,0.00070458151093894,0,TRUE
"sum",3,8,0.6708,0,0.15,16,NA,NA,1,NA,NA,64,NA,NA,12.96,NA,NA,11.52,NA,NA,0.4,NA,NA,1,NA
"EC_latent",5,8,0.6708,0,0.15,16,15.9985657967704,-0.00143420322963372,1,0.993997830877483,-0.00600216912251716,64,63.9444473094197,-0.0555526905803276,12.96,12.9833417897048,0.0233417897047854,11.52,11.4684130801198,-0.0515869198801635,0.4,0.398023453242599,-0.00197654675740133,0,FALSE
"sum",5,8,0.6708,0,0.15,16,15.9985653243856,-0.00143467561435706,1,0.99399748011186,-0.00600251988813949,64,64.0332379195358,0.033237919535793,12.96,13.0081850957764,0.0481850957764003,11.52,11.4297947104583,-0.0902052895416645,0.4,0.396029324181089,-0.00397067581891081,0,FALSE
"EC_latent",3,5,0.4,0,0.15,10,10.0096796966141,0.00967969661405377,0.625,0.611388601716212,-0.0136113982837882,25,24.9509719539743,-0.0490280460257466,5.0625,5.16042908783492,0.0979290878349239,4.5,4.4645730705968,-0.0354269294031955,0.4,0.393453392269237,-0.00654660773076343,0,TRUE
"sum",3,5,0.4,0,0.15,10,NA,NA,0.625,NA,NA,25,NA,NA,5.0625,NA,NA,4.5,NA,NA,0.4,NA,NA,1,NA
"EC_latent",5,5,0.4,0,0.15,10,10.0003542694047,0.000354269404722274,0.625,0.621526427891766,-0.0034735721082344,25,24.7953106232309,-0.204689376769064,5.0625,5.05819656496871,-0.00430343503128849,4.5,4.52236626621635,0.0223662662163511,0.4,0.403815611850585,0.0038156118505851,0,FALSE
"sum",5,5,0.4,0,0.15,10,10.0003515545517,0.000351554551691891,0.625,0.621528184567586,-0.00347181543241437,25,24.7874737404045,-0.212526259595506,5.0625,5.0605561411898,-0.00194385881020054,4.5,4.52281689124221,0.0228168912422078,0.4,0.403825508181767,0.00382550818176741,0,FALSE
"EC_latent",3,8,0.4,0,0.15,16,16.0137987114841,0.0137987114841351,1,0.981288349010416,-0.0187116509895838,64,63.4658522234333,-0.534147776566705,12.96,13.0116703618851,0.0516703618850638,11.52,11.6717991216652,0.151799121665247,0.4,0.40616380622245,0.00616380622244972,0,TRUE
"sum",3,8,0.4,0,0.15,16,NA,NA,1,NA,NA,64,NA,NA,12.96,NA,NA,11.52,NA,NA,0.4,NA,NA,1,NA
"EC_latent",5,8,0.4,0,0.15,16,15.996541930104,-0.00345806989595587,1,0.995397344575004,-0.00460265542499616,64,63.6908280694866,-0.309171930513429,12.96,12.9374670873826,-0.0225329126173612,11.52,11.5471523812398,0.0271523812397607,0.4,0.402264604411758,0.00226460441175763,0,FALSE
"sum",5,8,0.4,0,0.15,16,15.9965390692461,-0.00346093075393483,1,0.995404668752584,-0.00459533124741551,64,63.7244223721771,-0.275577627822933,12.96,12.9726259438708,0.0126259438708285,11.52,11.5104378400912,-0.00956215990877496,0.4,0.400336273498148,0.000336273498147743,0,FALSE
"EC_latent",3,5,0.6708,0.05,0.15,10,0.998529037718094,-9.00147096228191,0.625,0.123054884690331,-0.501945115309669,25,0.989934321931042,-24.010065678069,5.0625,0.201931366930014,-4.86056863306999,4.5,0.177761449190967,-4.32223855080903,0.4,0.397587295631817,-0.00241270436818336,0,TRUE
"sum",3,5,0.6708,0.05,0.15,10,NA,NA,0.625,NA,NA,25,NA,NA,5.0625,NA,NA,4.5,NA,NA,0.4,NA,NA,1,NA
"EC_latent",5,5,0.6708,0.05,0.15,10,0.997067398734494,-9.00293260126551,0.625,0.12389981929451,-0.50110018070549,25,0.991372619368061,-24.0086273806319,5.0625,0.20144995429467,-4.86105004570533,4.5,0.177452016019425,-4.32254798398057,0.4,0.397080802673602,-0.00291919732639812,0,TRUE
"sum",5,5,0.6708,0.05,0.15,10,9.99857964558018,-0.00142035441981925,0.625,0.621997081251655,-0.00300291874834491,25,25.040510912963,0.0405109129630468,5.0625,5.09854710617456,0.036047106174558,4.5,4.44358027296095,-0.0564197270390547,0.4,0.393267646460596,-0.00673235353940366,0,TRUE
"EC_latent",3,8,0.6708,0.05,0.15,16,16.0018439835152,0.00184398351517956,1,0.992379711124298,-0.00762028887570187,64,63.9927205111927,-0.0072794888072778,12.96,13.0754094366823,0.115409436682258,11.52,11.412095827778,-0.107904172221987,0.4,0.394523134045754,-0.00547686595424624,0,FALSE
"sum",3,8,0.6708,0.05,0.15,16,NA,NA,1,NA,NA,64,NA,NA,12.96,NA,NA,11.52,NA,NA,0.4,NA,NA,1,NA
"EC_latent",5,8,0.6708,0.05,0.15,16,0.98755693099439,-15.0124430690056,1,0.123605780407006,-0.876394219592994,64,0.983322210343795,-63.0166777896562,12.96,0.199835643813053,-12.7601643561869,11.52,0.177301040404067,-11.3426989595959,0.4,0.399969506983828,-3.0493016172195e-05,0,TRUE
"sum",5,8,0.6708,0.05,0.15,16,15.9951516384867,-0.00484836151330725,1,0.995828121470495,-0.00417187852950451,64,63.9645584892193,-0.0354415107806929,12.96,13.0220278677816,0.062027867781568,11.52,11.4371221569546,-0.0828778430454289,0.4,0.396285102478796,-0.00371489752120407,0,FALSE
"EC_latent",3,5,0.4,0.05,0.15,10,10.0062935027286,0.00629350272861373,0.625,0.615900889500201,-0.00909911049979872,25,25.0705831271389,0.0705831271389457,5.0625,5.0619463772354,-0.000553622764599915,4.5,4.43207605401687,-0.0679239459831251,0.4,0.393428861733917,-0.00657113826608263,0,TRUE
"sum",3,5,0.4,0.05,0.15,10,NA,NA,0.625,NA,NA,25,NA,NA,5.0625,NA,NA,4.5,NA,NA,0.4,NA,NA,1,NA
"EC_latent",5,5,0.4,0.05,0.15,10,9.99972049776217,-0.000279502237825469,0.625,0.621592681521002,-0.00340731847899811,25,24.8106027952966,-0.189397204703354,5.0625,5.05090373975804,-0.0115962602419648,4.5,4.53660098684139,0.0366009868413926,0.4,0.405254064250956,0.00525406425095576,0,FALSE
"sum",5,5,0.4,0.05,0.15,10,9.99952963208261,-0.000470367917394299,0.625,0.621684544465632,-0.00331545553436829,25,24.7573105771455,-0.242689422854461,5.0625,5.05954859081995,-0.00295140918005377,4.5,4.54799469064278,0.0479946906427839,0.4,0.406361290644038,0.00636129064403812,0,TRUE
"EC_latent",3,8,0.4,0.05,0.15,16,15.9984249037383,-0.00157509626174956,1,0.996850563495327,-0.00314943650467292,64,63.7318329416825,-0.268167058317481,12.96,12.7474221310396,-0.212577868960359,11.52,11.6562789150983,0.136278915098346,0.4,0.408950310651762,0.00895031065176216,0,TRUE
"sum",3,8,0.4,0.05,0.15,16,NA,NA,1,NA,NA,64,NA,NA,12.96,NA,NA,11.52,NA,NA,0.4,NA,NA,1,NA
"EC_latent",5,8,0.4,0.05,0.15,16,0.993377588638786,-15.0066224113612,1,0.1239116098293,-0.8760883901707,64,0.98789667655569,-63.0121033234443,12.96,0.200780610937885,-12.7592193890621,11.52,0.178016376173531,-11.3419836238265,0.4,0.39970843028643,-0.000291569713569695,0,TRUE
"sum",5,8,0.4,0.05,0.15,16,15.995148343701,-0.00485165629897821,1,0.995733678436251,-0.00426632156374884,64,64.01310152767,0.0131015276700168,12.96,12.9966085378594,0.0366085378593652,11.52,11.4210512395813,-0.0989487604186987,0.4,0.395964841699253,-0.00403515830074724,0,FALSE
